Element,Item,Year,value_fm
Export,"Almonds, with shell",1930,15211.4
Export,"Almonds, with shell",1931,20070.9
Export,"Almonds, with shell",1932,16702.8
Export,"Almonds, with shell",1933,17328.800000000003
Export,"Almonds, with shell",1934,21760.8
Export,"Almonds, with shell",1935,25937.899999999998
Export,Apples,1930,660.6999999999999
Export,Apples,1931,714.6
Export,Apples,1932,1144.4
Export,Apples,1933,520
Export,Apples,1934,150
Export,Apples,1935,90
Export,Apples,1940,100
Export,Apples,1941,370
Export,Apples,1942,170
Export,Apples,1943,440
Export,Apples,1944,640
Export,Apples,1945,840
Export,Apples,1946,300
Export,Apples,1947,500
Export,Apples,1948,200
Export,Apples,1949,300
Export,Apples,1950,400
Export,Apples,1951,400
Export,Apples,1952,400
Export,Apples,1953,200
Export,Apples,1954,200
Export,Apples,1955,200
Export,Apples,1956,300
Export,Apples,1957,500
Export,Apples,1958,500
Export,Apricots,1930,7079.9000000000005
Export,Apricots,1931,6506
Export,Apricots,1932,9031.3
Export,Apricots,1933,3503.2000000000003
Export,Apricots,1934,5533.299999999999
Export,Apricots,1935,3233.6
Export,Bacon and ham,1926,490
Export,Bacon and ham,1927,180
Export,Bacon and ham,1928,150
Export,Bacon and ham,1929,170
Export,Bacon and ham,1930,250
Export,Bacon and ham,1931,270
Export,Bacon and ham,1932,260
Export,Bacon and ham,1933,260
Export,Bacon and ham,1934,180
Export,Bacon and ham,1935,150
Export,Bacon and ham,1940,70
Export,Bacon and ham,1941,130
Export,Bacon and ham,1942,50
Export,Bacon and ham,1943,100
Export,Bacon and ham,1944,130
Export,Bacon and ham,1945,130
Export,Bacon and ham,1946,140
Export,Bacon and ham,1947,200
Export,Bacon and ham,1948,200
Export,Bacon and ham,1949,100
Export,Bacon and ham,1950,200
Export,Bacon and ham,1951,800
Export,Bacon and ham,1952,300
Export,Bacon and ham,1953,500
Export,Bacon and ham,1954,100
Export,Bacon and ham,1957,100
Export,Bacon and ham,1958,1100
Export,Bacon and ham,1960,100
Export,Bananas,1926,179412
Export,Bananas,1927,152382
Export,Bananas,1928,157650
Export,Bananas,1929,125706
Export,Bananas,1930,223000
Export,Bananas,1931,214510
Export,Bananas,1932,154240
Export,Bananas,1933,159830
Export,Bananas,1934,180
Export,Bananas,1935,10
Export,Bananas,1936,288
Export,Bananas,1937,566
Export,Bananas,1938,844
Export,Bananas,1939,1122
Export,Bananas,1940,1040
Export,Bananas,1941,520
Export,Bananas,1942,2390
Export,Bananas,1943,4090
Export,Bananas,1944,3160
Export,Bananas,1945,4550
Export,Bananas,1946,97200
Export,Bananas,1947,154500
Export,Bananas,1948,164400
Export,Bananas,1949,154000
Export,Bananas,1950,145400
Export,Bananas,1951,149700
Export,Bananas,1952,182100
Export,Bananas,1953,166200
Export,Bananas,1954,195200
Export,Bananas,1955,195200
Export,Bananas,1956,196800
Export,Bananas,1957,191600
Export,Bananas,1958,150200
Export,Bananas,1959,252300
Export,Bananas,1960,207240
Export,Barley,1860,86
Export,Barley,1861,71.2
Export,Barley,1862,56.4
Export,Barley,1863,41.6
Export,Barley,1864,26.8
Export,Barley,1865,12
Export,Barley,1866,4615.2
Export,Barley,1867,9218.400000000001
Export,Barley,1868,13821.6
Export,Barley,1869,18424.800000000003
Export,Barley,1870,23028
Export,Barley,1871,17426.75
Export,Barley,1872,11825.5
Export,Barley,1873,6224.25
Export,Barley,1874,623
Export,Barley,1875,4895
Export,Barley,1876,9167
Export,Barley,1877,13439
Export,Barley,1878,3958
Export,Barley,1879,2667.5
Export,Barley,1880,1377
Export,Barley,1881,1468.3333333333298
Export,Barley,1882,1559.6666666666702
Export,Barley,1883,1651
Export,Barley,1884,2616
Export,Barley,1885,1435.5
Export,Barley,1886,255
Export,Barley,1887,354.666666666667
Export,Barley,1888,454.333333333333
Export,Barley,1889,554
Export,Barley,1890,154
Export,Barley,1891,278.333333333333
Export,Barley,1892,402.666666666667
Export,Barley,1893,527
Export,Barley,1894,361
Export,Barley,1895,195
Export,Barley,1896,29
Export,Barley,1897,19
Export,Barley,1898,4798.5
Export,Barley,1899,9578
Export,Barley,1900,4862
Export,Barley,1901,146
Export,Barley,1902,1200
Export,Barley,1903,10
Export,Barley,1904,70
Export,Barley,1905,20
Export,Barley,1906,3850
Export,Barley,1907,7770
Export,Barley,1908,80
Export,Barley,1909,3340
Export,Barley,1910,20
Export,Barley,1911,5090
Export,Barley,1912,3700
Export,Barley,1913,230
Export,Barley,1914,4610
Export,Barley,1915,40570
Export,Barley,1916,45520
Export,Barley,1917,10660
Export,Barley,1918,14390
Export,Barley,1919,24330
Export,Barley,1920,27930
Export,Barley,1921,2440
Export,Barley,1922,6095
Export,Barley,1923,10
Export,Barley,1924,30350
Export,Barley,1925,5620
Export,Barley,1926,13790
Export,Barley,1927,20880
Export,Barley,1928,11380
Export,Barley,1929,6260
Export,Barley,1930,9120
Export,Barley,1931,2900
Export,Barley,1932,1040
Export,Barley,1933,3750
Export,Barley,1934,90
Export,Barley,1935,2.6
Export,Barley,1936,554.4
Export,Barley,1937,1105.8
Export,Barley,1938,1657.2
Export,Barley,1939,2208.6
Export,Barley,1940,2760
Export,Barley,1941,20
Export,Barley,1942,1000
Export,Barley,1943,1360
Export,Barley,1944,890
Export,Barley,1945,7590
Export,Barley,1946,4100
Export,Barley,1947,4200
Export,Barley,1948,4000
Export,Barley,1949,100
Export,Barley,1950,100
Export,Barley,1951,500
Export,Barley,1952,1700
Export,Barley,1953,412.727272727273
Export,Barley,1954,369.090909090909
Export,Barley,1955,325.454545454545
Export,Barley,1956,281.81818181818204
Export,Barley,1957,238.181818181818
Export,Barley,1958,194.545454545455
Export,Barley,1959,150.909090909091
Export,Barley,1960,107.27272727272701
Export,"Beans, dry",1931,1048.6
Export,"Beans, dry",1932,657.3
Export,"Beans, dry",1933,640
Export,"Beans, dry",1934,390
Export,"Beans, dry",1935,230
Export,"Beans, dry",1940,1030
Export,"Beans, dry",1941,480
Export,"Beans, dry",1942,1090
Export,"Beans, dry",1943,600
Export,"Beans, dry",1944,280
Export,"Beans, dry",1945,230
Export,"Beans, dry",1948,600
Export,"Beans, dry",1950,800
Export,"Beans, dry",1951,1100
Export,"Beans, dry",1952,3900
Export,"Beans, dry",1953,300
Export,"Beans, dry",1954,200
Export,"Beans, green",1930,671.6
Export,"Beans, green",1931,1067.8000000000002
Export,"Beans, green",1932,1624.9
Export,"Beans, green",1933,1779
Export,"Beans, green",1934,546.4
Export,"Beans, green",1935,236.2
Export,Beer of barley,1910,24
Export,Beer of barley,1911,118.333333333333
Export,Beer of barley,1912,212.666666666667
Export,Beer of barley,1913,307
Export,Beer of barley,1914,401.333333333333
Export,Beer of barley,1915,495.66666666666697
Export,Beer of barley,1916,590
Export,Beer of barley,1917,883
Export,Beer of barley,1918,1369
Export,Beer of barley,1919,990
Export,Beer of barley,1920,594
Export,Beer of barley,1921,929.333333333333
Export,Beer of barley,1922,1264.66666666667
Export,Beer of barley,1923,1600
Export,Beer of barley,1924,1600
Export,Beer of barley,1925,1300
Export,Beer of barley,1926,1339.125
Export,Beer of barley,1927,1378.25
Export,Beer of barley,1928,1417.375
Export,Beer of barley,1929,1456.5
Export,Beer of barley,1930,1495.625
Export,Beer of barley,1931,1534.75
Export,Beer of barley,1932,1573.875
Export,Beer of barley,1933,1613
Export,Beer of barley,1934,1566
Export,Beer of barley,1935,1385
Export,Beer of barley,1936,1110
Export,Beer of barley,1937,835
Export,Beer of barley,1938,560
Export,Beer of barley,1939,285
Export,Beer of barley,1940,10
Export,Beer of barley,1941,11.8333333333333
Export,Beer of barley,1942,13.6666666666667
Export,Beer of barley,1943,15.5
Export,Beer of barley,1944,17.3333333333333
Export,Beer of barley,1945,19.1666666666667
Export,Beer of barley,1946,21
Export,Beer of barley,1947,24.25
Export,Beer of barley,1948,27.5
Export,Beer of barley,1949,30.75
Export,Beer of barley,1950,34
Export,Beer of barley,1951,107.25
Export,Beer of barley,1952,180.5
Export,Beer of barley,1953,253.74999999999997
Export,Beer of barley,1954,327
Export,Beer of barley,1955,400.25
Export,Beer of barley,1956,473.5
Export,Beer of barley,1957,546.75
Export,Beer of barley,1958,620
Export,Beer of barley,1959,1200
Export,Beer of barley,1960,898.333333333333
Export,"Broad beans, horse beans, dry",1930,180.29999999999998
Export,"Broad beans, horse beans, dry",1931,542.9000000000001
Export,"Broad beans, horse beans, dry",1932,12.8
Export,"Broad beans, horse beans, dry",1933,69.4
Export,"Broad beans, horse beans, dry",1934,42.9
Export,"Broad beans, horse beans, dry",1935,29.3
Export,"Butter, cow milk",1922,100
Export,"Butter, cow milk",1923,170
Export,"Butter, cow milk",1924,190
Export,"Butter, cow milk",1925,260
Export,"Butter, cow milk",1926,180
Export,"Butter, cow milk",1927,130
Export,"Butter, cow milk",1928,70
Export,"Butter, cow milk",1929,80
Export,"Butter, cow milk",1930,70
Export,"Butter, cow milk",1931,30
Export,"Butter, cow milk",1932,11
Export,"Butter, cow milk",1933,9
Export,"Butter, cow milk",1934,7
Export,"Butter, cow milk",1935,12
Export,"Butter, cow milk",1936,10
Export,"Butter, cow milk",1937,8
Export,"Butter, cow milk",1938,5
Export,"Butter, cow milk",1939,3
Export,"Butter, cow milk",1940,61
Export,"Butter, cow milk",1941,63
Export,"Butter, cow milk",1942,10
Export,"Butter, cow milk",1943,15
Export,"Butter, cow milk",1944,22
Export,"Butter, cow milk",1945,22
Export,"Butter, cow milk",1946,20
Export,"Butter, cow milk",1947,1
Export,"Butter, cow milk",1948,2.25
Export,"Butter, cow milk",1949,3.5
Export,"Butter, cow milk",1950,4.75
Export,"Butter, cow milk",1951,6
Export,"Butter, cow milk",1952,5.625
Export,"Butter, cow milk",1953,5.25
Export,"Butter, cow milk",1954,4.875
Export,"Butter, cow milk",1955,4.5
Export,"Butter, cow milk",1956,4.125
Export,"Butter, cow milk",1957,3.75
Export,"Butter, cow milk",1958,3.375
Export,"Butter, cow milk",1959,3
Export,"Butter, cow milk",1960,3
Export,"Cacao, beans",1918,1120
Export,"Cacao, beans",1919,500
Export,"Cacao, beans",1948,300
Export,"Cacao, beans",1949,300
Export,Canned meat,1957,100
Export,Canned meat,1958,100
Export,Canned meat,1959,100
Export,Canned meat,1960,100
Export,"Cereal preparations, nes",1957,100
Export,"Cereal preparations, nes",1959,300
Export,"Cheese, processed",1860,15.974235104669901
Export,"Cheese, processed",1861,15.9828234031133
Export,"Cheese, processed",1862,15.9914117015566
Export,"Cheese, processed",1863,16
Export,"Cheese, processed",1864,20
Export,"Cheese, processed",1865,24
Export,"Cheese, processed",1866,28
Export,"Cheese, processed",1867,32
Export,"Cheese, processed",1868,36
Export,"Cheese, processed",1869,40
Export,"Cheese, processed",1870,44
Export,"Cheese, processed",1871,42.0833333333333
Export,"Cheese, processed",1872,40.1666666666667
Export,"Cheese, processed",1873,38.25
Export,"Cheese, processed",1874,36.3333333333333
Export,"Cheese, processed",1875,34.4166666666667
Export,"Cheese, processed",1876,32.5
Export,"Cheese, processed",1877,30.5833333333333
Export,"Cheese, processed",1878,28.6666666666667
Export,"Cheese, processed",1879,26.75
Export,"Cheese, processed",1880,24.8333333333333
Export,"Cheese, processed",1881,22.9166666666667
Export,"Cheese, processed",1882,21
Export,"Cheese, processed",1883,21.625
Export,"Cheese, processed",1884,22.25
Export,"Cheese, processed",1885,22.875
Export,"Cheese, processed",1886,23.5
Export,"Cheese, processed",1887,24.125
Export,"Cheese, processed",1888,24.75
Export,"Cheese, processed",1889,25.375
Export,"Cheese, processed",1890,26
Export,"Cheese, processed",1891,26
Export,"Cheese, processed",1892,26
Export,"Cheese, processed",1893,26
Export,"Cheese, processed",1894,26
Export,"Cheese, processed",1895,26
Export,"Cheese, processed",1896,26
Export,"Cheese, processed",1897,26
Export,"Cheese, processed",1898,26
Export,"Cheese, processed",1899,26
Export,"Cheese, processed",1900,26
Export,"Cheese, processed",1901,24.8
Export,"Cheese, processed",1902,23.599999999999998
Export,"Cheese, processed",1903,22.4
Export,"Cheese, processed",1904,21.2
Export,"Cheese, processed",1905,20
Export,"Cheese, processed",1906,18.8
Export,"Cheese, processed",1907,17.6
Export,"Cheese, processed",1908,16.400000000000002
Export,"Cheese, processed",1909,15.2
Export,"Cheese, processed",1910,14
Export,"Cheese, processed",1911,16.75
Export,"Cheese, processed",1912,19.5
Export,"Cheese, processed",1913,22.25
Export,"Cheese, processed",1914,25
Export,"Cheese, processed",1915,18
Export,"Cheese, processed",1916,11
Export,"Cheese, processed",1917,12
Export,"Cheese, processed",1918,40
Export,"Cheese, processed",1919,46
Export,"Cheese, processed",1920,22
Export,"Cheese, processed",1921,16.6666666666667
Export,"Cheese, processed",1922,200
Export,"Cheese, processed",1923,50
Export,"Cheese, processed",1924,30
Export,"Cheese, processed",1925,60
Export,"Cheese, processed",1926,30
Export,"Cheese, processed",1927,30
Export,"Cheese, processed",1928,40
Export,"Cheese, processed",1929,30
Export,"Cheese, processed",1930,90
Export,"Cheese, processed",1931,100
Export,"Cheese, processed",1932,100
Export,"Cheese, processed",1933,76
Export,"Cheese, processed",1934,56
Export,"Cheese, processed",1935,49
Export,"Cheese, processed",1936,43.4
Export,"Cheese, processed",1937,37.8
Export,"Cheese, processed",1938,32.2
Export,"Cheese, processed",1939,26.599999999999998
Export,"Cheese, processed",1940,47
Export,"Cheese, processed",1941,98
Export,"Cheese, processed",1942,33
Export,"Cheese, processed",1943,40
Export,"Cheese, processed",1944,60
Export,"Cheese, processed",1945,60
Export,"Cheese, processed",1946,64
Export,"Cheese, processed",1947,190
Export,"Cheese, processed",1948,143.5
Export,"Cheese, processed",1949,97
Export,"Cheese, processed",1950,50.5
Export,"Cheese, processed",1951,100
Export,"Cheese, processed",1952,700
Export,"Cheese, processed",1953,100
Export,"Cheese, processed",1954,6.25
Export,"Cheese, processed",1955,7
Export,"Cheese, processed",1956,7.75
Export,"Cheese, processed",1957,8.5
Export,"Cheese, processed",1958,9.25
Export,"Cheese, processed",1959,10
Export,"Cheese, processed",1960,12.5
Export,Chestnut,1930,4467.8
Export,Chestnut,1931,4247.8
Export,Chestnut,1932,4442.4000000000005
Export,Chestnut,1933,4498.9
Export,Chestnut,1934,1906.5
Export,Chestnut,1935,3527.8
Export,Chick peas,1930,1972.3
Export,Chick peas,1931,1050.7
Export,Chick peas,1932,1148.7
Export,Chick peas,1933,2444.3
Export,Chick peas,1934,1866
Export,Chick peas,1935,1247.5
Export,"Coffee, green",1911,10
Export,"Coffee, green",1916,40
Export,"Coffee, green",1917,630
Export,"Coffee, green",1919,50
Export,"Coffee, green",1921,20
Export,"Coffee, green",1923,5
Export,"Coffee, green",1924,3
Export,"Coffee, green",1934,10
Export,"Coffee, green",1938,0.6
Export,"Coffee, green",1939,0.8
Export,"Coffee, green",1940,1
Export,"Coffee, green",1941,6
Export,"Coffee, green",1942,5.44444444444444
Export,"Coffee, green",1943,4.888888888888889
Export,"Coffee, green",1944,4.3333333333333295
Export,"Coffee, green",1945,40
Export,"Coffee, green",1946,3.22222222222222
Export,"Coffee, green",1947,2.66666666666667
Export,"Coffee, green",1948,2.11111111111111
Export,"Coffee, green",1949,1.55555555555556
Export,"Coffee, green",1950,1
Export,"Coffee, green",1951,1
Export,"Coffee, green",1954,3
Export,"Coffee, green",1955,4
Export,"Coffee, green",1959,3
Export,"Coffee, green",1960,16.6666666666667
Export,Cotton lint,1860,4.8
Export,Cotton lint,1861,4.8
Export,Cotton lint,1862,4.8
Export,Cotton lint,1863,4.8
Export,Cotton lint,1864,4.91578947368421
Export,Cotton lint,1865,5.03157894736842
Export,Cotton lint,1866,5.147368421052629
Export,Cotton lint,1867,5.26315789473684
Export,Cotton lint,1868,5.37894736842105
Export,Cotton lint,1869,5.49473684210526
Export,Cotton lint,1870,5.61052631578947
Export,Cotton lint,1871,5.72631578947368
Export,Cotton lint,1872,5.842105263157889
Export,Cotton lint,1873,5.957894736842101
Export,Cotton lint,1874,6.07368421052632
Export,Cotton lint,1875,6.1894736842105305
Export,Cotton lint,1876,6.30526315789474
Export,Cotton lint,1877,6.42105263157895
Export,Cotton lint,1878,6.53684210526316
Export,Cotton lint,1879,6.6526315789473704
Export,Cotton lint,1880,6.76842105263158
Export,Cotton lint,1881,6.8842105263157904
Export,Cotton lint,1882,7
Export,Cotton lint,1883,6.25
Export,Cotton lint,1884,5.5
Export,Cotton lint,1885,4.75
Export,Cotton lint,1886,4
Export,Cotton lint,1887,3.25
Export,Cotton lint,1888,2.5
Export,Cotton lint,1889,1.75
Export,Cotton lint,1890,1
Export,Cotton lint,1891,12.9
Export,Cotton lint,1892,24.8
Export,Cotton lint,1893,36.7
Export,Cotton lint,1894,48.599999999999994
Export,Cotton lint,1895,60.5
Export,Cotton lint,1896,72.4
Export,Cotton lint,1897,84.3
Export,Cotton lint,1898,96.19999999999999
Export,Cotton lint,1899,108.10000000000001
Export,Cotton lint,1900,120
Export,Cotton lint,1901,130
Export,Cotton lint,1902,140
Export,Cotton lint,1903,60
Export,Cotton lint,1904,100
Export,Cotton lint,1905,10
Export,Cotton lint,1906,10
Export,Cotton lint,1907,120
Export,Cotton lint,1908,90
Export,Cotton lint,1909,160
Export,Cotton lint,1910,220
Export,Cotton lint,1911,260
Export,Cotton lint,1912,240
Export,Cotton lint,1913,110
Export,Cotton lint,1914,730
Export,Cotton lint,1915,3110
Export,Cotton lint,1916,880
Export,Cotton lint,1917,70
Export,Cotton lint,1918,40
Export,Cotton lint,1919,190
Export,Cotton lint,1920,660
Export,Cotton lint,1921,338
Export,Cotton lint,1922,240
Export,Cotton lint,1923,350
Export,Cotton lint,1924,450
Export,Cotton lint,1925,710
Export,Cotton lint,1926,1510
Export,Cotton lint,1927,1660
Export,Cotton lint,1928,2320
Export,Cotton lint,1929,2530
Export,Cotton lint,1930,1110
Export,Cotton lint,1931,1010
Export,Cotton lint,1932,1040
Export,Cotton lint,1933,750
Export,Cotton lint,1934,1650
Export,Cotton lint,1935,2430
Export,Cotton lint,1943,1
Export,Cotton lint,1944,1
Export,Cotton lint,1945,2
Export,Cotton lint,1946,200
Export,Cotton lint,1947,200
Export,Cotton lint,1948,200
Export,Cotton lint,1949,2.66666666666667
Export,Cotton lint,1950,2
Export,Cotton lint,1951,4
Export,Cotton lint,1952,3.66666666666667
Export,Cotton lint,1953,3.33333333333333
Export,Cotton lint,1954,3
Export,Cotton lint,1955,3
Export,Cotton lint,1956,1
Export,Cotton lint,1957,1
Export,Cotton lint,1958,1
Export,Cotton lint,1959,1
Export,Cotton lint,1960,2112.6666666666697
Export,"Eggs, hen, in shell",1860,270
Export,"Eggs, hen, in shell",1861,428.3
Export,"Eggs, hen, in shell",1862,586.6
Export,"Eggs, hen, in shell",1863,744.9
Export,"Eggs, hen, in shell",1864,672.45
Export,"Eggs, hen, in shell",1865,600
Export,"Eggs, hen, in shell",1866,571.8
Export,"Eggs, hen, in shell",1867,543.6
Export,"Eggs, hen, in shell",1868,515.4
Export,"Eggs, hen, in shell",1869,487.20000000000005
Export,"Eggs, hen, in shell",1870,459
Export,"Eggs, hen, in shell",1871,555.75
Export,"Eggs, hen, in shell",1872,652.5
Export,"Eggs, hen, in shell",1873,749.25
Export,"Eggs, hen, in shell",1874,846
Export,"Eggs, hen, in shell",1875,774.333333333333
Export,"Eggs, hen, in shell",1876,702.666666666667
Export,"Eggs, hen, in shell",1877,631
Export,"Eggs, hen, in shell",1878,623
Export,"Eggs, hen, in shell",1879,564
Export,"Eggs, hen, in shell",1880,505
Export,"Eggs, hen, in shell",1881,441
Export,"Eggs, hen, in shell",1882,377
Export,"Eggs, hen, in shell",1883,512
Export,"Eggs, hen, in shell",1884,157
Export,"Eggs, hen, in shell",1885,170
Export,"Eggs, hen, in shell",1886,183
Export,"Eggs, hen, in shell",1887,179.25
Export,"Eggs, hen, in shell",1888,175.5
Export,"Eggs, hen, in shell",1889,171.75
Export,"Eggs, hen, in shell",1890,168
Export,"Eggs, hen, in shell",1891,187.5
Export,"Eggs, hen, in shell",1892,207
Export,"Eggs, hen, in shell",1893,226.5
Export,"Eggs, hen, in shell",1894,246
Export,"Eggs, hen, in shell",1895,265.5
Export,"Eggs, hen, in shell",1896,285
Export,"Eggs, hen, in shell",1897,304.5
Export,"Eggs, hen, in shell",1898,324
Export,"Eggs, hen, in shell",1899,343.5
Export,"Eggs, hen, in shell",1900,363
Export,"Eggs, hen, in shell",1901,359.3
Export,"Eggs, hen, in shell",1902,355.6
Export,"Eggs, hen, in shell",1903,351.9
Export,"Eggs, hen, in shell",1904,348.2
Export,"Eggs, hen, in shell",1905,344.5
Export,"Eggs, hen, in shell",1906,340.8
Export,"Eggs, hen, in shell",1907,337.1
Export,"Eggs, hen, in shell",1908,333.4
Export,"Eggs, hen, in shell",1909,329.7
Export,"Eggs, hen, in shell",1910,326
Export,"Eggs, hen, in shell",1911,324.25
Export,"Eggs, hen, in shell",1912,322.5
Export,"Eggs, hen, in shell",1913,320.75
Export,"Eggs, hen, in shell",1914,319
Export,"Eggs, hen, in shell",1915,197.5
Export,"Eggs, hen, in shell",1916,76
Export,"Eggs, hen, in shell",1917,77
Export,"Eggs, hen, in shell",1918,63
Export,"Eggs, hen, in shell",1919,320
Export,"Eggs, hen, in shell",1920,160
Export,"Eggs, hen, in shell",1921,110
Export,"Eggs, hen, in shell",1922,60
Export,"Eggs, hen, in shell",1923,10
Export,"Eggs, hen, in shell",1924,2
Export,"Eggs, hen, in shell",1926,10
Export,"Eggs, hen, in shell",1927,4.5
Export,"Eggs, hen, in shell",1928,6.75
Export,"Eggs, hen, in shell",1929,9
Export,"Eggs, hen, in shell",1930,9
Export,"Eggs, hen, in shell",1931,10
Export,"Eggs, hen, in shell",1932,9
Export,"Eggs, hen, in shell",1933,9
Export,"Eggs, hen, in shell",1934,15
Export,"Eggs, hen, in shell",1935,3
Export,"Eggs, hen, in shell",1936,3
Export,"Eggs, hen, in shell",1937,2
Export,"Eggs, hen, in shell",1938,2
Export,"Eggs, hen, in shell",1939,1
Export,"Eggs, hen, in shell",1940,1
Export,"Eggs, hen, in shell",1942,1
Export,"Eggs, hen, in shell",1943,1
Export,"Eggs, hen, in shell",1944,4
Export,"Eggs, hen, in shell",1945,4
Export,"Eggs, hen, in shell",1946,10
Export,"Eggs, hen, in shell",1947,5
Export,"Eggs, hen, in shell",1948,3
Export,"Eggs, hen, in shell",1949,2
Export,"Eggs, hen, in shell",1950,2
Export,"Eggs, hen, in shell",1951,100
Export,"Eggs, hen, in shell",1952,1
Export,"Eggs, hen, in shell",1953,3.57142857142857
Export,"Eggs, hen, in shell",1954,6.14285714285714
Export,"Eggs, hen, in shell",1955,8.714285714285719
Export,"Eggs, hen, in shell",1956,11.2857142857143
Export,"Eggs, hen, in shell",1957,13.8571428571429
Export,"Eggs, hen, in shell",1958,16.4285714285714
Export,"Eggs, hen, in shell",1959,19
Export,"Eggs, hen, in shell",1960,39
Export,Flax fibre and tow,1933,70
Export,Flax fibre and tow,1934,40
Export,Flax fibre and tow,1935,70
Export,Flax fibre and tow,1956,1000
Export,Flax fibre and tow,1957,100
Export,"Flour, wheat",1860,60000
Export,"Flour, wheat",1861,10000
Export,"Flour, wheat",1862,24231.5
Export,"Flour, wheat",1863,38463
Export,"Flour, wheat",1864,35561
Export,"Flour, wheat",1865,39858
Export,"Flour, wheat",1866,50000
Export,"Flour, wheat",1867,50033
Export,"Flour, wheat",1868,19743
Export,"Flour, wheat",1869,31038.5
Export,"Flour, wheat",1870,42334
Export,"Flour, wheat",1871,47043
Export,"Flour, wheat",1872,51752
Export,"Flour, wheat",1873,96337
Export,"Flour, wheat",1874,48126
Export,"Flour, wheat",1875,30000
Export,"Flour, wheat",1876,35000
Export,"Flour, wheat",1877,89466
Export,"Flour, wheat",1878,40969
Export,"Flour, wheat",1879,39112.5
Export,"Flour, wheat",1880,37256
Export,"Flour, wheat",1881,32737.333333333296
Export,"Flour, wheat",1882,28218.6666666667
Export,"Flour, wheat",1883,23700
Export,"Flour, wheat",1884,25728
Export,"Flour, wheat",1885,23312
Export,"Flour, wheat",1886,20896
Export,"Flour, wheat",1887,23597.3333333333
Export,"Flour, wheat",1888,26298.6666666667
Export,"Flour, wheat",1889,29000
Export,"Flour, wheat",1890,11700
Export,"Flour, wheat",1891,12350
Export,"Flour, wheat",1892,13000
Export,"Flour, wheat",1893,911
Export,"Flour, wheat",1894,23207.3333333333
Export,"Flour, wheat",1895,45503.6666666667
Export,"Flour, wheat",1896,67800
Export,"Flour, wheat",1897,19640
Export,"Flour, wheat",1898,10643
Export,"Flour, wheat",1899,1646
Export,"Flour, wheat",1900,7000
Export,"Flour, wheat",1901,688
Export,"Flour, wheat",1902,357
Export,"Flour, wheat",1903,280
Export,"Flour, wheat",1904,730
Export,"Flour, wheat",1905,1030
Export,"Flour, wheat",1906,500
Export,"Flour, wheat",1907,570
Export,"Flour, wheat",1908,360
Export,"Flour, wheat",1909,770
Export,"Flour, wheat",1910,760
Export,"Flour, wheat",1911,700
Export,"Flour, wheat",1912,1120
Export,"Flour, wheat",1913,2070
Export,"Flour, wheat",1914,5190
Export,"Flour, wheat",1915,6140
Export,"Flour, wheat",1916,10630
Export,"Flour, wheat",1917,20340
Export,"Flour, wheat",1918,18200
Export,"Flour, wheat",1919,18200
Export,"Flour, wheat",1920,12320
Export,"Flour, wheat",1921,9920
Export,"Flour, wheat",1922,4420
Export,"Flour, wheat",1923,2120
Export,"Flour, wheat",1924,10820
Export,"Flour, wheat",1925,14360
Export,"Flour, wheat",1926,14620
Export,"Flour, wheat",1927,15400
Export,"Flour, wheat",1928,7700
Export,"Flour, wheat",1929,5260
Export,"Flour, wheat",1930,2170
Export,"Flour, wheat",1931,2940
Export,"Flour, wheat",1932,370
Export,"Flour, wheat",1933,1120
Export,"Flour, wheat",1934,640
Export,"Flour, wheat",1935,140
Export,"Flour, wheat",1936,6040
Export,"Flour, wheat",1937,10280
Export,"Flour, wheat",1938,14520
Export,"Flour, wheat",1939,70
Export,"Flour, wheat",1940,23080
Export,"Flour, wheat",1941,16329.999999999998
Export,"Flour, wheat",1942,28700
Export,"Flour, wheat",1943,24610
Export,"Flour, wheat",1944,29850
Export,"Flour, wheat",1945,19930
Export,"Flour, wheat",1946,16700
Export,"Flour, wheat",1947,14200
Export,"Flour, wheat",1948,14300
Export,"Flour, wheat",1949,30500
Export,"Flour, wheat",1950,11600
Export,"Flour, wheat",1951,16600
Export,"Flour, wheat",1952,19000
Export,"Flour, wheat",1953,700
Export,"Flour, wheat",1954,1300
Export,"Flour, wheat",1955,6359
Export,"Flour, wheat",1956,3800
Export,"Flour, wheat",1957,10100
Export,"Flour, wheat",1958,233700
Export,"Flour, wheat",1959,249100
Export,"Flour, wheat",1960,170588
Export,Garlic,1930,4982.8
Export,Garlic,1931,5154.4
Export,Garlic,1932,4178
Export,Garlic,1933,3612.8
Export,Garlic,1934,2102.3
Export,Garlic,1935,2342.7
Export,Grapefruit (inc. pomelos),1955,1800
Export,Grapefruit (inc. pomelos),1956,1100
Export,Grapefruit (inc. pomelos),1957,900
Export,Grapefruit (inc. pomelos),1958,1100
Export,Grapes,1860,35410.654395133
Export,Grapes,1861,5901.77573252216
Export,Grapes,1862,14300.8878662611
Export,Grapes,1863,22700
Export,Grapes,1864,23275
Export,Grapes,1865,23850
Export,Grapes,1866,24425
Export,Grapes,1867,25000
Export,Grapes,1868,26900
Export,Grapes,1869,28800
Export,Grapes,1870,30700
Export,Grapes,1871,32600
Export,Grapes,1872,34500
Export,Grapes,1873,36400
Export,Grapes,1874,38300
Export,Grapes,1875,40200
Export,Grapes,1876,42100
Export,Grapes,1877,44000
Export,Grapes,1878,57000
Export,Grapes,1879,51000
Export,Grapes,1880,45000
Export,Grapes,1881,52500
Export,Grapes,1882,60000
Export,Grapes,1883,42000
Export,Grapes,1884,42000
Export,Grapes,1885,41000
Export,Grapes,1886,40000
Export,Grapes,1887,41333.3333333333
Export,Grapes,1888,42666.6666666667
Export,Grapes,1889,44000
Export,Grapes,1890,73000
Export,Grapes,1891,66333.3333333333
Export,Grapes,1892,59666.6666666667
Export,Grapes,1893,53000
Export,Grapes,1894,45666.6666666667
Export,Grapes,1895,38333.3333333333
Export,Grapes,1896,31000
Export,Grapes,1897,34000
Export,Grapes,1898,47000
Export,Grapes,1899,60000
Export,Grapes,1900,60500
Export,Grapes,1901,61000
Export,Grapes,1902,64000
Export,Grapes,1903,47510
Export,Grapes,1904,46720
Export,Grapes,1905,36180
Export,Grapes,1906,38050
Export,Grapes,1907,57690
Export,Grapes,1908,31190
Export,Grapes,1909,38710
Export,Grapes,1910,41340
Export,Grapes,1911,46330
Export,Grapes,1912,37250
Export,Grapes,1913,55200
Export,Grapes,1914,37090
Export,Grapes,1915,27600
Export,Grapes,1916,46310
Export,Grapes,1917,16780
Export,Grapes,1918,31070
Export,Grapes,1919,30860
Export,Grapes,1920,36600
Export,Grapes,1921,31210
Export,Grapes,1922,40580
Export,Grapes,1923,45610
Export,Grapes,1924,51820
Export,Grapes,1925,49310
Export,Grapes,1926,26230
Export,Grapes,1927,36360
Export,Grapes,1928,46430
Export,Grapes,1929,14000
Export,Grapes,1930,38520
Export,Grapes,1931,46330
Export,Grapes,1932,51260
Export,Grapes,1933,39320
Export,Grapes,1934,64610
Export,Grapes,1935,40880
Export,Grapes,1936,33180
Export,Grapes,1937,25360
Export,Grapes,1938,17540
Export,Grapes,1939,6480
Export,Grapes,1940,920
Export,Grapes,1941,1260
Export,Grapes,1942,1900
Export,Grapes,1943,2720
Export,Grapes,1944,1560
Export,Grapes,1945,5140
Export,Grapes,1946,12900
Export,Grapes,1947,4600
Export,Grapes,1948,6200
Export,Grapes,1949,13400
Export,Grapes,1950,21300
Export,Grapes,1951,24200
Export,Grapes,1952,30400
Export,Grapes,1953,35900
Export,Grapes,1954,47900
Export,Grapes,1955,43500
Export,Grapes,1956,63000
Export,Grapes,1957,50300
Export,Grapes,1958,46200
Export,Grapes,1959,56900
Export,Grapes,1960,58393
Export,"Groundnuts, with shell",1860,516
Export,"Groundnuts, with shell",1861,1344
Export,"Groundnuts, with shell",1862,2172
Export,"Groundnuts, with shell",1863,3000
Export,"Groundnuts, with shell",1864,2919.5
Export,"Groundnuts, with shell",1865,2839
Export,"Groundnuts, with shell",1866,3969.5
Export,"Groundnuts, with shell",1867,5100
Export,"Groundnuts, with shell",1868,3607.33333333333
Export,"Groundnuts, with shell",1869,2114.66666666667
Export,"Groundnuts, with shell",1870,622
Export,"Groundnuts, with shell",1871,1486.5
Export,"Groundnuts, with shell",1872,2351
Export,"Groundnuts, with shell",1873,3215.5
Export,"Groundnuts, with shell",1874,4080
Export,"Groundnuts, with shell",1875,3105
Export,"Groundnuts, with shell",1876,2130
Export,"Groundnuts, with shell",1877,1155
Export,"Groundnuts, with shell",1878,637
Export,"Groundnuts, with shell",1879,918.5
Export,"Groundnuts, with shell",1880,1200
Export,"Groundnuts, with shell",1881,1823
Export,"Groundnuts, with shell",1882,2446
Export,"Groundnuts, with shell",1883,3069
Export,"Groundnuts, with shell",1884,1377
Export,"Groundnuts, with shell",1885,806.5
Export,"Groundnuts, with shell",1886,236
Export,"Groundnuts, with shell",1887,438.428571428571
Export,"Groundnuts, with shell",1888,640.857142857143
Export,"Groundnuts, with shell",1889,843.285714285714
Export,"Groundnuts, with shell",1890,1045.71428571429
Export,"Groundnuts, with shell",1891,1248.14285714286
Export,"Groundnuts, with shell",1892,1450.57142857143
Export,"Groundnuts, with shell",1893,1653
Export,"Groundnuts, with shell",1894,1855.4285714285702
Export,"Groundnuts, with shell",1895,2057.8571428571404
Export,"Groundnuts, with shell",1896,2260.2857142857097
Export,"Groundnuts, with shell",1897,2462.71428571429
Export,"Groundnuts, with shell",1898,2665.14285714286
Export,"Groundnuts, with shell",1899,2867.5714285714303
Export,"Groundnuts, with shell",1900,3070
Export,"Groundnuts, with shell",1901,3504.7999999999997
Export,"Groundnuts, with shell",1902,3939.6
Export,"Groundnuts, with shell",1903,4374.4
Export,"Groundnuts, with shell",1904,4809.2
Export,"Groundnuts, with shell",1905,5244
Export,"Groundnuts, with shell",1906,5571.799999999999
Export,"Groundnuts, with shell",1907,5899.6
Export,"Groundnuts, with shell",1908,6227.4000000000005
Export,"Groundnuts, with shell",1909,5254.013412
Export,"Groundnuts, with shell",1910,6883.763463
Export,"Groundnuts, with shell",1911,3420.0365779999997
Export,"Groundnuts, with shell",1912,3741.109531
Export,"Groundnuts, with shell",1913,5364.76326
Export,"Groundnuts, with shell",1914,2546.230441
Export,"Groundnuts, with shell",1915,3567.3643570000004
Export,"Groundnuts, with shell",1916,3248.323511
Export,"Groundnuts, with shell",1917,3103.02784
Export,"Groundnuts, with shell",1918,1040.4389350000001
Export,"Groundnuts, with shell",1919,4707.3765490000005
Export,"Groundnuts, with shell",1920,2294.249136
Export,"Groundnuts, with shell",1921,3690.9
Export,"Groundnuts, with shell",1922,1435.3
Export,"Groundnuts, with shell",1923,3987
Export,"Groundnuts, with shell",1924,3354.4
Export,"Groundnuts, with shell",1925,2074.9
Export,"Groundnuts, with shell",1926,1662.5
Export,"Groundnuts, with shell",1927,1465.4
Export,"Groundnuts, with shell",1928,1166.9
Export,"Groundnuts, with shell",1929,1663.6
Export,"Hazelnuts, with shell",1930,5612.5
Export,"Hazelnuts, with shell",1931,5270.8
Export,"Hazelnuts, with shell",1932,5117.9
Export,"Hazelnuts, with shell",1933,6860.1
Export,"Hazelnuts, with shell",1934,8795.8
Export,"Hazelnuts, with shell",1935,11374.4
Export,Hemp tow waste,1922,20
Export,Hemp tow waste,1923,60
Export,Hemp tow waste,1924,40
Export,Hemp tow waste,1925,40
Export,Hemp tow waste,1926,80
Export,Hemp tow waste,1927,20
Export,Hemp tow waste,1928,10
Export,Hemp tow waste,1929,290
Export,Hemp tow waste,1930,90
Export,Hemp tow waste,1931,50
Export,Hemp tow waste,1932,30
Export,Hemp tow waste,1933,130
Export,Hemp tow waste,1934,80
Export,Hemp tow waste,1935,640
Export,Hemp tow waste,1955,500
Export,Hemp tow waste,1956,1100
Export,Hemp tow waste,1957,100
Export,Jute,1909,60
Export,Jute,1910,210
Export,Jute,1911,350
Export,Jute,1912,440
Export,Jute,1913,450
Export,Jute,1914,540
Export,Jute,1915,90
Export,Jute,1916,20
Export,Jute,1917,80
Export,Jute,1918,120
Export,Jute,1919,230
Export,Jute,1920,30
Export,Jute,1921,30
Export,Jute,1927,210
Export,Jute,1928,690
Export,Jute,1929,250
Export,Jute,1930,640
Export,Jute,1931,610
Export,Jute,1932,200
Export,Jute,1933,460
Export,Jute,1934,50
Export,Lemons and limes,1860,1567
Export,Lemons and limes,1861,1278
Export,Lemons and limes,1862,2541
Export,Lemons and limes,1863,1495
Export,Lemons and limes,1864,2125
Export,Lemons and limes,1865,884
Export,Lemons and limes,1866,969
Export,Lemons and limes,1867,1761
Export,Lemons and limes,1868,1707
Export,Lemons and limes,1869,1255
Export,Lemons and limes,1870,3042
Export,Lemons and limes,1871,4998
Export,Lemons and limes,1872,5033
Export,Lemons and limes,1873,5245
Export,Lemons and limes,1874,4097
Export,Lemons and limes,1875,2603
Export,Lemons and limes,1876,3667
Export,Lemons and limes,1877,4433
Export,Lemons and limes,1878,4712
Export,Lemons and limes,1879,4416
Export,Lemons and limes,1880,5902
Export,Lemons and limes,1881,5393
Export,Lemons and limes,1882,5416
Export,Lemons and limes,1883,2997
Export,Lemons and limes,1884,4711
Export,Lemons and limes,1885,4805
Export,Lemons and limes,1886,7349
Export,Lemons and limes,1887,5429
Export,Lemons and limes,1888,7181
Export,Lemons and limes,1889,5194
Export,Lemons and limes,1890,5509
Export,Lemons and limes,1891,3639
Export,Lemons and limes,1892,3385
Export,Lemons and limes,1893,3171
Export,Lemons and limes,1894,5216
Export,Lemons and limes,1895,5196
Export,Lemons and limes,1896,4818
Export,Lemons and limes,1897,3831
Export,Lemons and limes,1898,3379
Export,Lemons and limes,1899,4787
Export,Lemons and limes,1900,3947
Export,Lemons and limes,1901,3408
Export,Lemons and limes,1902,3240
Export,Lemons and limes,1903,3066
Export,Lemons and limes,1904,4105
Export,Lemons and limes,1905,2496
Export,Lemons and limes,1906,2105
Export,Lemons and limes,1907,2859
Export,Lemons and limes,1908,4154
Export,Lemons and limes,1909,3139
Export,Lemons and limes,1910,3239
Export,Lemons and limes,1911,2841
Export,Lemons and limes,1912,4035.9999999999995
Export,Lemons and limes,1913,3318
Export,Lemons and limes,1914,3165
Export,Lemons and limes,1915,4013
Export,Lemons and limes,1916,7105
Export,Lemons and limes,1917,4252
Export,Lemons and limes,1918,8130.000000000001
Export,Lemons and limes,1919,11608
Export,Lemons and limes,1920,7262
Export,Lemons and limes,1921,9140
Export,Lemons and limes,1922,5964
Export,Lemons and limes,1923,9778
Export,Lemons and limes,1924,7155
Export,Lemons and limes,1925,22018
Export,Lemons and limes,1926,12483.7
Export,Lemons and limes,1927,12861.7
Export,Lemons and limes,1928,11411.8
Export,Lemons and limes,1929,20747.9
Export,Lemons and limes,1930,23150.7
Export,Lemons and limes,1931,13882.199999999999
Export,Lemons and limes,1932,14923.199999999999
Export,Lemons and limes,1933,29421.1
Export,Lemons and limes,1934,32360
Export,Lemons and limes,1935,20070
Export,Lemons and limes,1936,20577.6
Export,Lemons and limes,1937,21085.2
Export,Lemons and limes,1938,21592.8
Export,Lemons and limes,1939,15270
Export,Lemons and limes,1940,22610
Export,Lemons and limes,1941,16520
Export,Lemons and limes,1942,5120
Export,Lemons and limes,1943,22770
Export,Lemons and limes,1944,26290
Export,Lemons and limes,1945,19890
Export,Lemons and limes,1946,10700
Export,Lemons and limes,1947,6100
Export,Lemons and limes,1948,16700
Export,Lemons and limes,1949,21800
Export,Lemons and limes,1950,18900
Export,Lemons and limes,1951,56000
Export,Lemons and limes,1952,44400
Export,Lemons and limes,1953,54500
Export,Lemons and limes,1954,24200
Export,Lemons and limes,1955,28500
Export,Lemons and limes,1956,8500
Export,Lemons and limes,1957,11200
Export,Lemons and limes,1958,37900
Export,Lemons and limes,1959,48800
Export,Lemons and limes,1960,54042
Export,Lentils,1930,672.6
Export,Lentils,1931,592.3000000000001
Export,Lentils,1932,1049.1
Export,Lentils,1933,700.2
Export,Lentils,1934,295.59999999999997
Export,Lentils,1935,248.9
Export,Linseed,1927,350
Export,Maize,1860,43
Export,Maize,1861,172
Export,Maize,1862,94.60000000000001
Export,Maize,1863,17.2
Export,Maize,1864,10.85
Export,Maize,1865,4.5
Export,Maize,1866,604.1999999999999
Export,Maize,1867,1203.8999999999999
Export,Maize,1868,1803.6000000000001
Export,Maize,1869,2403.3
Export,Maize,1870,3003
Export,Maize,1871,2360.5
Export,Maize,1872,1718
Export,Maize,1873,1075.5
Export,Maize,1874,433
Export,Maize,1875,322.66666666666697
Export,Maize,1876,212.333333333333
Export,Maize,1877,102
Export,Maize,1878,1120
Export,Maize,1879,582
Export,Maize,1880,44
Export,Maize,1881,44
Export,Maize,1882,44
Export,Maize,1883,44
Export,Maize,1885,1.55
Export,Maize,1886,3.1
Export,Maize,1887,5.06666666666667
Export,Maize,1888,7.03333333333333
Export,Maize,1889,9
Export,Maize,1890,59
Export,Maize,1891,50.6666666666667
Export,Maize,1892,42.3333333333333
Export,Maize,1893,34
Export,Maize,1894,2455
Export,Maize,1895,4876
Export,Maize,1896,7297
Export,Maize,1897,10608
Export,Maize,1898,5309
Export,Maize,1899,10
Export,Maize,1900,10.5
Export,Maize,1901,11
Export,Maize,1902,111
Export,Maize,1903,59.5
Export,Maize,1904,8
Export,Maize,1905,10
Export,Maize,1906,10
Export,Maize,1907,60
Export,Maize,1908,20
Export,Maize,1909,70
Export,Maize,1910,40
Export,Maize,1911,790
Export,Maize,1912,2310
Export,Maize,1913,2400
Export,Maize,1914,850
Export,Maize,1915,1730
Export,Maize,1916,2290
Export,Maize,1917,4340
Export,Maize,1918,1710
Export,Maize,1919,12270
Export,Maize,1920,4770
Export,Maize,1921,14622.3
Export,Maize,1922,30
Export,Maize,1923,10
Export,Maize,1924,10
Export,Maize,1925,10
Export,Maize,1926,16
Export,Maize,1927,14
Export,Maize,1928,11
Export,Maize,1929,20
Export,Maize,1930,8.7
Export,Maize,1931,30
Export,Maize,1932,20
Export,Maize,1933,30
Export,Maize,1934,20
Export,Maize,1935,2.9
Export,Maize,1936,156.6
Export,Maize,1937,310.2
Export,Maize,1938,463.8
Export,Maize,1939,617.4
Export,Maize,1940,770
Export,Maize,1941,230
Export,Maize,1942,60
Export,Maize,1943,40
Export,Maize,1944,80
Export,Maize,1945,73
Export,Maize,1946,100
Export,Maize,1947,8100
Export,Maize,1948,100
Export,Maize,1949,37.6666666666667
Export,Maize,1950,35
Export,Maize,1951,43
Export,Maize,1952,4700
Export,Maize,1953,65.8
Export,Maize,1954,77.2
Export,Maize,1955,88.6
Export,Maize,1956,100
Export,Maize,1958,100
Export,Maize,1959,100
Export,Maize,1960,71
Export,"Meat, cattle",1926,70
Export,"Meat, cattle",1927,80
Export,"Meat, cattle",1928,60
Export,"Meat, cattle",1929,100
Export,"Meat, cattle",1930,80
Export,"Meat, cattle",1931,110
Export,"Meat, cattle",1932,460
Export,"Meat, cattle",1933,740
Export,"Meat, cattle",1934,590
Export,"Meat, cattle",1935,670
Export,"Meat, cattle",1939,110
Export,"Meat, cattle",1940,100
Export,"Meat, cattle",1941,1070
Export,"Meat, cattle",1942,450
Export,"Meat, cattle",1943,860
Export,"Meat, cattle",1944,1150
Export,"Meat, cattle",1945,1150
Export,"Meat, cattle",1946,430
Export,"Meat, cattle",1957,200
Export,"Meat, cattle",1958,200
Export,"Meat, cattle",1959,300
Export,"Meat, cattle",1960,300
Export,"Meat, chicken",1957,100
Export,"Meat, pig",1926,890
Export,"Meat, pig",1927,940
Export,"Meat, pig",1928,180
Export,"Meat, pig",1929,230
Export,"Meat, pig",1930,1080
Export,"Meat, pig",1931,1550
Export,"Meat, pig",1932,1130
Export,"Meat, pig",1933,850
Export,"Meat, pig",1934,410
Export,"Meat, pig",1935,850
Export,"Meat, pig",1940,120
Export,"Meat, pig",1941,80
Export,"Meat, pig",1942,10
Export,"Meat, pig",1943,40
Export,"Meat, pig",1944,210
Export,"Meat, pig",1945,210
Export,"Meat, pig",1946,40
Export,"Melons, other (inc.cantaloupes)",1930,10827
Export,"Melons, other (inc.cantaloupes)",1931,9360.8
Export,"Melons, other (inc.cantaloupes)",1932,9307.3
Export,"Melons, other (inc.cantaloupes)",1933,7088.4
Export,"Melons, other (inc.cantaloupes)",1934,15533.6
Export,"Melons, other (inc.cantaloupes)",1935,12212.300000000001
Export,"Milk, whole condensed",1927,19
Export,"Milk, whole condensed",1928,3.7
Export,"Milk, whole condensed",1929,8
Export,"Milk, whole condensed",1930,11
Export,"Milk, whole condensed",1931,19
Export,"Milk, whole condensed",1932,57.9
Export,"Milk, whole condensed",1933,18
Export,"Milk, whole condensed",1934,15
Export,"Milk, whole condensed",1935,23
Export,"Milk, whole condensed",1940,619
Export,"Milk, whole condensed",1941,472
Export,"Milk, whole condensed",1942,689
Export,"Milk, whole condensed",1943,257
Export,"Milk, whole condensed",1944,474
Export,"Milk, whole condensed",1945,474
Export,"Milk, whole condensed",1946,536
Export,"Milk, whole condensed",1947,451
Export,"Milk, whole condensed",1948,322
Export,"Milk, whole condensed",1949,576
Export,"Milk, whole condensed",1950,726
Export,"Milk, whole condensed",1953,1000
Export,"Milk, whole condensed",1954,1000
Export,"Milk, whole dried",1930,1.3
Export,"Milk, whole dried",1931,3.3
Export,"Milk, whole dried",1932,9
Export,"Milk, whole dried",1933,8
Export,"Milk, whole dried",1934,11
Export,"Milk, whole dried",1935,6
Export,"Milk, whole dried",1940,20
Export,"Milk, whole dried",1941,11
Export,"Milk, whole dried",1942,6
Export,"Milk, whole dried",1943,6
Export,"Milk, whole dried",1944,1
Export,"Milk, whole dried",1946,24
Export,"Milk, whole dried",1947,66
Export,"Milk, whole dried",1948,38
Export,"Milk, whole dried",1949,59
Export,"Milk, whole dried",1950,75
Export,"Milk, whole dried",1953,600
Export,"Milk, whole fresh cow",1927,348.5
Export,"Milk, whole fresh cow",1928,519
Export,"Milk, whole fresh cow",1929,315.40000000000003
Export,"Milk, whole fresh cow",1930,342.9
Export,"Milk, whole fresh cow",1931,342.5
Export,"Milk, whole fresh cow",1932,255.2
Export,"Milk, whole fresh cow",1933,344
Export,"Milk, whole fresh cow",1934,294
Export,"Milk, whole fresh cow",1935,265
Export,"Milk, whole fresh cow",1936,240
Export,"Milk, whole fresh cow",1937,205
Export,"Milk, whole fresh cow",1938,170
Export,"Milk, whole fresh cow",1939,137
Export,"Milk, whole fresh cow",1940,71
Export,"Milk, whole fresh cow",1941,32
Export,"Milk, whole fresh cow",1942,13
Export,"Milk, whole fresh cow",1943,6
Export,"Milk, whole fresh cow",1944,12
Export,"Milk, whole fresh cow",1945,12
Export,"Milk, whole fresh cow",1946,22
Export,"Milk, whole fresh cow",1947,18
Export,"Milk, whole fresh cow",1948,17
Export,"Milk, whole fresh cow",1949,12
Export,"Milk, whole fresh cow",1950,5
Export,"Milk, whole fresh cow",1951,63.5714285714286
Export,"Milk, whole fresh cow",1952,51.4285714285714
Export,"Milk, whole fresh cow",1953,39.2857142857143
Export,"Milk, whole fresh cow",1954,27.142857142857203
Export,"Milk, whole fresh cow",1955,15
Export,"Milk, whole fresh cow",1956,42
Export,"Milk, whole fresh cow",1957,29.3333333333333
Export,"Milk, whole fresh cow",1958,16.6666666666667
Export,"Milk, whole fresh cow",1959,4
Export,"Milk, whole fresh cow",1960,1
Export,"Oil, coconut",1933,2
Export,"Oil, coconut",1934,1
Export,"Oil, coconut",1935,1
Export,"Oil, coconut",1940,1
Export,"Oil, coconut",1941,159
Export,"Oil, coconut",1942,87
Export,"Oil, coconut",1943,17
Export,"Oil, coconut",1944,34
Export,"Oil, coconut",1945,2
Export,"Oil, groundnut",1909,1.016053648
Export,"Oil, groundnut",1910,17.27291201
Export,"Oil, groundnut",1911,24.38528754
Export,"Oil, groundnut",1912,12.19264377
Export,"Oil, groundnut",1913,8.128429181
Export,"Oil, groundnut",1914,5.0802682379999995
Export,"Oil, groundnut",1915,18.28896566
Export,"Oil, groundnut",1919,740.7031091
Export,"Oil, groundnut",1920,78.23613087
Export,"Oil, groundnut",1927,120
Export,"Oil, olive, virgin",1860,4296
Export,"Oil, olive, virgin",1861,10426
Export,"Oil, olive, virgin",1862,7449
Export,"Oil, olive, virgin",1863,20214
Export,"Oil, olive, virgin",1864,20114
Export,"Oil, olive, virgin",1865,31183
Export,"Oil, olive, virgin",1866,11775
Export,"Oil, olive, virgin",1867,22533
Export,"Oil, olive, virgin",1868,17124
Export,"Oil, olive, virgin",1869,18525
Export,"Oil, olive, virgin",1870,6114
Export,"Oil, olive, virgin",1871,12161
Export,"Oil, olive, virgin",1872,20668
Export,"Oil, olive, virgin",1873,52356
Export,"Oil, olive, virgin",1874,26373
Export,"Oil, olive, virgin",1875,5556
Export,"Oil, olive, virgin",1876,4992
Export,"Oil, olive, virgin",1877,9584
Export,"Oil, olive, virgin",1878,24746
Export,"Oil, olive, virgin",1879,15063
Export,"Oil, olive, virgin",1880,13911
Export,"Oil, olive, virgin",1881,24625
Export,"Oil, olive, virgin",1882,13730
Export,"Oil, olive, virgin",1883,26505
Export,"Oil, olive, virgin",1884,21306
Export,"Oil, olive, virgin",1885,42126
Export,"Oil, olive, virgin",1886,15114
Export,"Oil, olive, virgin",1887,11410
Export,"Oil, olive, virgin",1888,12027
Export,"Oil, olive, virgin",1889,30485
Export,"Oil, olive, virgin",1890,14616
Export,"Oil, olive, virgin",1891,10996
Export,"Oil, olive, virgin",1892,15709
Export,"Oil, olive, virgin",1893,26269
Export,"Oil, olive, virgin",1894,13566
Export,"Oil, olive, virgin",1895,16765
Export,"Oil, olive, virgin",1896,22883
Export,"Oil, olive, virgin",1897,11431
Export,"Oil, olive, virgin",1898,54593
Export,"Oil, olive, virgin",1899,21620
Export,"Oil, olive, virgin",1900,32921
Export,"Oil, olive, virgin",1901,19803
Export,"Oil, olive, virgin",1902,58651
Export,"Oil, olive, virgin",1903,49590
Export,"Oil, olive, virgin",1904,54590
Export,"Oil, olive, virgin",1905,34220
Export,"Oil, olive, virgin",1906,18910
Export,"Oil, olive, virgin",1907,10830
Export,"Oil, olive, virgin",1908,31440
Export,"Oil, olive, virgin",1909,26520
Export,"Oil, olive, virgin",1910,39310
Export,"Oil, olive, virgin",1911,38340
Export,"Oil, olive, virgin",1912,61690
Export,"Oil, olive, virgin",1913,30190
Export,"Oil, olive, virgin",1914,44810
Export,"Oil, olive, virgin",1915,67570
Export,"Oil, olive, virgin",1916,88850
Export,"Oil, olive, virgin",1917,81650
Export,"Oil, olive, virgin",1918,38790
Export,"Oil, olive, virgin",1919,112270
Export,"Oil, olive, virgin",1920,54320
Export,"Oil, olive, virgin",1921,48050
Export,"Oil, olive, virgin",1922,46110
Export,"Oil, olive, virgin",1923,56900
Export,"Oil, olive, virgin",1924,46120
Export,"Oil, olive, virgin",1925,51250
Export,"Oil, olive, virgin",1926,96700
Export,"Oil, olive, virgin",1927,55450
Export,"Oil, olive, virgin",1928,119380
Export,"Oil, olive, virgin",1929,51370
Export,"Oil, olive, virgin",1930,106900
Export,"Oil, olive, virgin",1931,93850
Export,"Oil, olive, virgin",1932,62960
Export,"Oil, olive, virgin",1933,43150
Export,"Oil, olive, virgin",1934,52400
Export,"Oil, olive, virgin",1935,62670
Export,"Oil, olive, virgin",1936,52384.799999999996
Export,"Oil, olive, virgin",1937,42704.6
Export,"Oil, olive, virgin",1938,33024.4
Export,"Oil, olive, virgin",1939,5200
Export,"Oil, olive, virgin",1940,13660
Export,"Oil, olive, virgin",1941,15070
Export,"Oil, olive, virgin",1942,13260
Export,"Oil, olive, virgin",1943,14200
Export,"Oil, olive, virgin",1944,19880
Export,"Oil, olive, virgin",1945,19080
Export,"Oil, olive, virgin",1946,11500
Export,"Oil, olive, virgin",1947,17600
Export,"Oil, olive, virgin",1948,40100
Export,"Oil, olive, virgin",1949,15700
Export,"Oil, olive, virgin",1950,46000
Export,"Oil, olive, virgin",1951,30700
Export,"Oil, olive, virgin",1952,31300
Export,"Oil, olive, virgin",1953,21300
Export,"Oil, olive, virgin",1954,27600
Export,"Oil, olive, virgin",1955,30300
Export,"Oil, olive, virgin",1956,40900
Export,"Oil, olive, virgin",1957,23500
Export,"Oil, olive, virgin",1958,19300
Export,"Oil, olive, virgin",1959,37800
Export,"Oil, olive, virgin",1960,13942
Export,"Oil, palm",1909,3.048160943
Export,"Oil, palm",1910,5.0802682379999995
Export,"Oil, palm",1911,3.048160943
Export,"Oil, palm",1912,1.016053648
Export,"Oil, palm",1913,4.064214591
Export,"Oil, palm",1914,1.016053648
Export,"Oil, palm",1915,1.016053648
Export,"Oil, palm",1916,1.016053648
Export,"Oil, palm",1917,13.20869742
Export,"Oil, palm",1919,2.0321072950000003
Export,"Oil, palm",1920,2.0321072950000003
Export,"Oil, palm",1940,1
Export,"Oil, palm",1941,62
Export,"Oil, palm",1942,30
Export,"Oil, palm",1943,1
Export,"Oil, palm",1944,1
Export,"Oil, palm",1945,1
Export,"Oil, soybean",1882,25
Export,"Oil, soybean",1883,43.125
Export,"Oil, soybean",1884,61.25
Export,"Oil, soybean",1885,79.375
Export,"Oil, soybean",1886,97.5
Export,"Oil, soybean",1887,115.625
Export,"Oil, soybean",1888,133.75
Export,"Oil, soybean",1889,151.875
Export,"Oil, soybean",1890,170
Export,"Oil, soybean",1891,193.20000000000002
Export,"Oil, soybean",1892,216.4
Export,"Oil, soybean",1893,239.6
Export,"Oil, soybean",1894,262.79999999999995
Export,"Oil, soybean",1895,286
Export,"Oil, soybean",1896,309.2
Export,"Oil, soybean",1897,332.4
Export,"Oil, soybean",1898,355.6
Export,"Oil, soybean",1899,378.8
Export,"Oil, soybean",1900,402
Export,"Oil, soybean",1901,347.6
Export,"Oil, soybean",1902,293.2
Export,"Oil, soybean",1903,238.8
Export,"Oil, soybean",1904,184.4
Export,"Oil, soybean",1905,130
Export,"Oil, soybean",1906,127.2
Export,"Oil, soybean",1907,124.39999999999999
Export,"Oil, soybean",1908,121.6
Export,"Oil, soybean",1909,118.8
Export,"Oil, soybean",1910,116
Export,"Oil, soybean",1911,246.166666666667
Export,"Oil, soybean",1912,376.33333333333303
Export,"Oil, soybean",1913,506.49999999999994
Export,"Oil, soybean",1914,636.6666666666671
Export,"Oil, soybean",1915,766.833333333333
Export,"Oil, soybean",1916,897
Export,"Oil, soybean",1917,1182
Export,"Oil, soybean",1918,1044
Export,"Oil, soybean",1919,1319
Export,"Oil, soybean",1920,400
Export,"Oil, soybean",1921,373.33333333333303
Export,"Oil, soybean",1922,346.666666666667
Export,"Oil, soybean",1923,320
Export,"Oil, soybean",1924,490
Export,"Oil, soybean",1925,447
Export,"Oil, soybean",1926,359.4
Export,"Oil, soybean",1927,271.8
Export,"Oil, soybean",1928,184.2
Export,"Oil, soybean",1929,96.60000000000001
Export,"Oil, soybean",1930,9
Export,"Oil, soybean",1931,10
Export,"Oil, soybean",1932,6
Export,"Oil, soybean",1933,74
Export,"Oil, soybean",1934,89
Export,"Oil, soybean",1935,100
Export,"Oil, soybean",1936,85.2
Export,"Oil, soybean",1937,70.4
Export,"Oil, soybean",1938,55.599999999999994
Export,"Oil, soybean",1939,40.800000000000004
Export,"Oil, soybean",1940,26
Export,"Oil, soybean",1941,440
Export,"Oil, soybean",1942,568.888888888889
Export,"Oil, soybean",1943,697.777777777778
Export,"Oil, soybean",1944,826.666666666667
Export,"Oil, soybean",1945,955.555555555556
Export,"Oil, soybean",1946,1084.44444444444
Export,"Oil, soybean",1947,1213.33333333333
Export,"Oil, soybean",1948,1342.22222222222
Export,"Oil, soybean",1949,1471.11111111111
Export,"Oil, soybean",1950,1600
Export,"Oil, soybean",1951,2300
Export,"Oil, soybean",1952,2009.9999999999998
Export,"Oil, soybean",1953,1720
Export,"Oil, soybean",1954,1430
Export,"Oil, soybean",1955,1140
Export,"Oil, soybean",1956,850
Export,"Oil, soybean",1957,560
Export,"Oil, soybean",1958,270
Export,"Oil, soybean",1959,800
Export,"Oil, soybean",1960,934.666666666667
Export,Oilseed Cake Meal,1941,180
Export,Oilseed Cake Meal,1949,100
Export,Oilseed Cake Meal,1952,1100
Export,Oilseed Cake Meal,1955,2400
Export,Oilseed Cake Meal,1956,600
Export,Oilseed Cake Meal,1959,100
Export,"Onions, dry",1860,688.8
Export,"Onions, dry",1861,673.0500000000001
Export,"Onions, dry",1862,683.55
Export,"Onions, dry",1863,900.9000000000001
Export,"Onions, dry",1864,861
Export,"Onions, dry",1865,910.35
Export,"Onions, dry",1866,738.15
Export,"Onions, dry",1867,597.45
Export,"Onions, dry",1868,1024.8
Export,"Onions, dry",1869,1444.8000000000002
Export,"Onions, dry",1870,1198.05
Export,"Onions, dry",1871,2829.75
Export,"Onions, dry",1872,2017.0499999999997
Export,"Onions, dry",1873,2443.35
Export,"Onions, dry",1874,2169.2999999999997
Export,"Onions, dry",1875,2176.65
Export,"Onions, dry",1876,2442.2999999999997
Export,"Onions, dry",1877,3537.4500000000003
Export,"Onions, dry",1878,3182.55
Export,"Onions, dry",1879,3343.2
Export,"Onions, dry",1880,4589.55
Export,"Onions, dry",1881,3274.95
Export,"Onions, dry",1882,4972.8
Export,"Onions, dry",1883,5013.75
Export,"Onions, dry",1884,4591.65
Export,"Onions, dry",1885,5012.7
Export,"Onions, dry",1886,6165.6
Export,"Onions, dry",1887,10182.9
Export,"Onions, dry",1888,12106.5
Export,"Onions, dry",1889,15670.199999999999
Export,"Onions, dry",1890,18147.15
Export,"Onions, dry",1891,16445.1
Export,"Onions, dry",1892,18214.35
Export,"Onions, dry",1893,44845.5
Export,"Onions, dry",1894,41720.700000000004
Export,"Onions, dry",1895,46306.049999999996
Export,"Onions, dry",1896,51578.1
Export,"Onions, dry",1897,52999.8
Export,"Onions, dry",1898,52875.9
Export,"Onions, dry",1899,76226.85
Export,"Onions, dry",1900,75281.85
Export,"Onions, dry",1901,84564.9
Export,"Onions, dry",1902,81307.8
Export,"Onions, dry",1903,112647.15
Export,"Onions, dry",1904,121812.6
Export,"Onions, dry",1905,97491.45
Export,"Onions, dry",1906,108400.95
Export,"Onions, dry",1907,129413.54999999999
Export,"Onions, dry",1908,118864.2
Export,"Onions, dry",1909,121914.45
Export,"Onions, dry",1910,150373.65
Export,"Onions, dry",1911,189508.19999999998
Export,"Onions, dry",1912,165343.5
Export,"Onions, dry",1913,171564.75
Export,"Onions, dry",1914,155614.2
Export,"Onions, dry",1915,155344.35
Export,"Onions, dry",1916,155406.3
Export,"Onions, dry",1917,199242.75
Export,"Onions, dry",1918,129431.4
Export,"Onions, dry",1919,156999.15
Export,"Onions, dry",1920,144100.95
Export,"Onions, dry",1921,175247.09999999998
Export,"Onions, dry",1922,130496.1
Export,"Onions, dry",1923,154327.94999999998
Export,"Onions, dry",1924,189290.85
Export,"Onions, dry",1925,182383.95
Export,"Onions, dry",1926,181933.5
Export,"Onions, dry",1927,172438.35
Export,"Onions, dry",1928,173534.55
Export,"Onions, dry",1929,179222.4
Export,"Onions, dry",1930,179961.6
Export,"Onions, dry",1931,119595.8
Export,"Onions, dry",1932,129769.4
Export,"Onions, dry",1933,99200
Export,"Onions, dry",1934,93020
Export,"Onions, dry",1935,107430
Export,"Onions, dry",1936,90571.022
Export,"Onions, dry",1937,68343.694
Export,"Onions, dry",1938,46116.366
Export,"Onions, dry",1939,25580
Export,"Onions, dry",1940,15520
Export,"Onions, dry",1941,18300
Export,"Onions, dry",1942,15740
Export,"Onions, dry",1943,19880
Export,"Onions, dry",1944,14250
Export,"Onions, dry",1945,33080
Export,"Onions, dry",1946,3300
Export,"Onions, dry",1947,56800
Export,"Onions, dry",1948,58700
Export,"Onions, dry",1949,83900
Export,"Onions, dry",1950,73300
Export,"Onions, dry",1951,77700
Export,"Onions, dry",1952,119200
Export,"Onions, dry",1953,89800
Export,"Onions, dry",1954,79800
Export,"Onions, dry",1955,85500
Export,"Onions, dry",1956,84700
Export,"Onions, dry",1957,83600
Export,"Onions, dry",1958,77500
Export,"Onions, dry",1959,71000
Export,"Onions, dry",1960,95676
Export,Oranges,1860,21249
Export,Oranges,1861,27874
Export,Oranges,1862,16700
Export,Oranges,1863,34800
Export,Oranges,1864,22400
Export,Oranges,1865,14400
Export,Oranges,1866,19100
Export,Oranges,1867,26800
Export,Oranges,1868,42600
Export,Oranges,1869,26700
Export,Oranges,1870,36600
Export,Oranges,1871,32500
Export,Oranges,1872,60900
Export,Oranges,1873,44100
Export,Oranges,1874,49400
Export,Oranges,1875,84300
Export,Oranges,1876,58900
Export,Oranges,1877,88400
Export,Oranges,1878,94700
Export,Oranges,1879,85700
Export,Oranges,1880,87800
Export,Oranges,1881,104900
Export,Oranges,1882,81300
Export,Oranges,1883,116668
Export,Oranges,1884,98671
Export,Oranges,1885,104865
Export,Oranges,1886,71381
Export,Oranges,1887,81667
Export,Oranges,1888,85751
Export,Oranges,1889,94491
Export,Oranges,1890,97772
Export,Oranges,1891,101472
Export,Oranges,1892,65105.99999999999
Export,Oranges,1893,89124
Export,Oranges,1894,91421
Export,Oranges,1895,160341
Export,Oranges,1896,234719
Export,Oranges,1897,215303
Export,Oranges,1898,276781
Export,Oranges,1899,237722
Export,Oranges,1900,310902
Export,Oranges,1901,260226
Export,Oranges,1902,285338
Export,Oranges,1903,369200
Export,Oranges,1904,395572
Export,Oranges,1905,409031
Export,Oranges,1906,313608
Export,Oranges,1907,392707
Export,Oranges,1908,469298
Export,Oranges,1909,466239
Export,Oranges,1910,468051
Export,Oranges,1911,441912
Export,Oranges,1912,563054
Export,Oranges,1913,569066
Export,Oranges,1914,477887
Export,Oranges,1915,455762
Export,Oranges,1916,382730
Export,Oranges,1917,246393
Export,Oranges,1918,172630
Export,Oranges,1919,349071
Export,Oranges,1920,257930
Export,Oranges,1921,434079
Export,Oranges,1922,401049
Export,Oranges,1923,460994
Export,Oranges,1924,670758
Export,Oranges,1925,702486
Export,Oranges,1926,716693.9
Export,Oranges,1927,620487.5
Export,Oranges,1928,858616.4
Export,Oranges,1929,792757.1000000001
Export,Oranges,1930,1084539
Export,Oranges,1931,855246
Export,Oranges,1932,881029.8
Export,Oranges,1933,977966.5
Export,Oranges,1934,884460
Export,Oranges,1935,700340
Export,Oranges,1936,625221.8
Export,Oranges,1937,550100.6
Export,Oranges,1938,474979.4
Export,Oranges,1939,111360
Export,Oranges,1940,324740
Export,Oranges,1941,312620
Export,Oranges,1942,230820
Export,Oranges,1943,202910
Export,Oranges,1944,349440
Export,Oranges,1945,262870
Export,Oranges,1946,201500
Export,Oranges,1947,173600
Export,Oranges,1948,274200
Export,Oranges,1949,426100
Export,Oranges,1950,421300
Export,Oranges,1951,730100
Export,Oranges,1952,778600
Export,Oranges,1953,1004300
Export,Oranges,1954,808500
Export,Oranges,1955,999900
Export,Oranges,1956,378800
Export,Oranges,1957,458600
Export,Oranges,1958,731900
Export,Oranges,1959,784400
Export,Oranges,1960,941032
Export,Peaches and nectarines,1930,921.9000000000001
Export,Peaches and nectarines,1931,1666.1
Export,Peaches and nectarines,1932,1715.6
Export,Peaches and nectarines,1933,1130.1000000000001
Export,Peaches and nectarines,1934,911.5999999999999
Export,Peaches and nectarines,1935,231.6
Export,Pears,1934,11806.1
Export,"Peas, dry",1931,1.2
Export,"Peas, dry",1932,0.3
Export,"Peas, dry",1933,0.4
Export,Pepper (piper spp.),1922,4800
Export,Pepper (piper spp.),1923,5890
Export,Pepper (piper spp.),1924,7640
Export,Pepper (piper spp.),1925,6370
Export,Pepper (piper spp.),1926,6020
Export,Pepper (piper spp.),1927,6000
Export,Pepper (piper spp.),1928,7440
Export,Pepper (piper spp.),1929,6990
Export,Pepper (piper spp.),1930,7190
Export,Pepper (piper spp.),1931,6410
Export,Pepper (piper spp.),1932,5590
Export,Pepper (piper spp.),1933,5732
Export,Pepper (piper spp.),1934,6061
Export,Pepper (piper spp.),1935,6948
Export,Pepper (piper spp.),1939,824
Export,Pepper (piper spp.),1940,1592
Export,Pepper (piper spp.),1941,1484
Export,Pepper (piper spp.),1942,2107
Export,Pepper (piper spp.),1943,2399
Export,Pepper (piper spp.),1944,1464
Export,Pepper (piper spp.),1945,1827
Export,Pepper (piper spp.),1946,2700
Export,Pepper (piper spp.),1947,2700
Export,Pepper (piper spp.),1948,2400
Export,Pepper (piper spp.),1949,2500
Export,Pepper (piper spp.),1950,3300
Export,Pepper (piper spp.),1951,3200
Export,Pepper (piper spp.),1952,5100
Export,Pepper (piper spp.),1953,4500
Export,Pepper (piper spp.),1954,5600
Export,Pepper (piper spp.),1955,7400
Export,Pepper (piper spp.),1956,6100
Export,Pepper (piper spp.),1957,4400
Export,Pepper (piper spp.),1958,3600
Export,Pepper (piper spp.),1959,2800
Export,Plums and sloes,1930,5005.4
Export,Plums and sloes,1931,5916.5999999999995
Export,Plums and sloes,1932,8721.1
Export,Plums and sloes,1933,7272.3
Export,Plums and sloes,1934,2775.3
Export,Plums and sloes,1935,3553.7000000000003
Export,Potatoes,1860,1889
Export,Potatoes,1861,1889
Export,Potatoes,1862,1889
Export,Potatoes,1863,1889
Export,Potatoes,1864,1944.5
Export,Potatoes,1865,2000
Export,Potatoes,1866,2020
Export,Potatoes,1867,2040
Export,Potatoes,1868,2060
Export,Potatoes,1869,2080
Export,Potatoes,1870,2100
Export,Potatoes,1871,2175
Export,Potatoes,1872,2250
Export,Potatoes,1873,2325
Export,Potatoes,1874,2400
Export,Potatoes,1875,2428.5
Export,Potatoes,1876,2457
Export,Potatoes,1877,2485.5
Export,Potatoes,1878,2514
Export,Potatoes,1879,2542.5
Export,Potatoes,1880,2571
Export,Potatoes,1881,2599.5
Export,Potatoes,1882,2628
Export,Potatoes,1883,2538.2857142857097
Export,Potatoes,1884,2448.5714285714303
Export,Potatoes,1885,2358.85714285714
Export,Potatoes,1886,2269.1428571428596
Export,Potatoes,1887,2179.4285714285697
Export,Potatoes,1888,2089.71428571429
Export,Potatoes,1889,2000
Export,Potatoes,1890,3500
Export,Potatoes,1891,5000
Export,Potatoes,1892,6500
Export,Potatoes,1893,8000
Export,Potatoes,1894,8000
Export,Potatoes,1895,8000
Export,Potatoes,1896,8000
Export,Potatoes,1897,10000
Export,Potatoes,1898,10000
Export,Potatoes,1899,10000
Export,Potatoes,1900,8600
Export,Potatoes,1901,9000
Export,Potatoes,1902,12000
Export,Potatoes,1903,16660
Export,Potatoes,1904,15500
Export,Potatoes,1905,13680
Export,Potatoes,1906,17360
Export,Potatoes,1907,18310
Export,Potatoes,1908,21300
Export,Potatoes,1909,23630
Export,Potatoes,1910,21580
Export,Potatoes,1911,35000
Export,Potatoes,1912,46750
Export,Potatoes,1913,68100
Export,Potatoes,1914,47420
Export,Potatoes,1915,57180
Export,Potatoes,1916,53250
Export,Potatoes,1917,32250
Export,Potatoes,1918,17260
Export,Potatoes,1919,7480
Export,Potatoes,1920,7320
Export,Potatoes,1921,24470
Export,Potatoes,1922,36620
Export,Potatoes,1923,44190
Export,Potatoes,1924,38890
Export,Potatoes,1925,35950
Export,Potatoes,1926,60610
Export,Potatoes,1927,52550
Export,Potatoes,1928,71420
Export,Potatoes,1929,98040
Export,Potatoes,1930,70120
Export,Potatoes,1931,109360
Export,Potatoes,1932,169940
Export,Potatoes,1933,95550
Export,Potatoes,1934,67670
Export,Potatoes,1935,86490
Export,Potatoes,1936,72920
Export,Potatoes,1937,59440
Export,Potatoes,1938,45960
Export,Potatoes,1939,18340
Export,Potatoes,1940,19250
Export,Potatoes,1941,3970
Export,Potatoes,1942,6310
Export,Potatoes,1943,4260
Export,Potatoes,1944,4380
Export,Potatoes,1945,4730
Export,Potatoes,1946,14100
Export,Potatoes,1947,5800
Export,Potatoes,1948,13300
Export,Potatoes,1949,9000
Export,Potatoes,1950,27800
Export,Potatoes,1951,29600
Export,Potatoes,1952,119400
Export,Potatoes,1953,62800
Export,Potatoes,1954,70400
Export,Potatoes,1955,83400
Export,Potatoes,1956,56100
Export,Potatoes,1957,115500
Export,Potatoes,1958,53900
Export,Potatoes,1959,55600
Export,Potatoes,1960,111669
Export,"Pulses, nes",1955,300
Export,"Pulses, nes",1956,400
Export,"Pulses, nes",1957,800
Export,"Pulses, nes",1958,900
Export,"Pulses, nes",1959,3700
Export,Raisins,1903,31050
Export,Raisins,1904,26660
Export,Raisins,1905,30240
Export,Raisins,1906,20120
Export,Raisins,1907,27300
Export,Raisins,1908,26370
Export,Raisins,1909,29370
Export,Raisins,1910,23630
Export,Raisins,1911,28280
Export,Raisins,1912,17270
Export,Raisins,1913,19290
Export,Raisins,1914,15210
Export,Raisins,1915,11600
Export,Raisins,1916,19090
Export,Raisins,1917,8560
Export,Raisins,1918,16760
Export,Raisins,1919,22440
Export,Raisins,1920,26400
Export,Raisins,1921,17560
Export,Raisins,1922,15600
Export,Raisins,1923,12380
Export,Raisins,1924,17150
Export,Raisins,1925,17200
Export,Raisins,1926,17990
Export,Raisins,1927,17810
Export,Raisins,1928,13830
Export,Raisins,1929,14000
Export,Raisins,1930,14870
Export,Raisins,1931,13910
Export,Raisins,1932,14080
Export,Raisins,1933,9590
Export,Raisins,1934,11810
Export,Raisins,1935,11500
Export,Raisins,1939,350
Export,Raisins,1940,1090
Export,Raisins,1941,870
Export,Raisins,1942,130
Export,Raisins,1943,4330
Export,Raisins,1944,3720
Export,Raisins,1945,6230
Export,Raisins,1946,800
Export,Raisins,1947,500
Export,Raisins,1948,1300
Export,Raisins,1949,3900
Export,Raisins,1950,4400
Export,Raisins,1951,3700
Export,Raisins,1952,5500
Export,Raisins,1953,4600
Export,Raisins,1954,5300
Export,Raisins,1955,5200
Export,Raisins,1956,4600
Export,Raisins,1957,6400
Export,Raisins,1958,5500
Export,Raisins,1959,5200
Export,"Rice, milled",1860,15007
Export,"Rice, milled",1861,11682.333333333301
Export,"Rice, milled",1862,8357.66666666667
Export,"Rice, milled",1863,5033
Export,"Rice, milled",1864,5533.5
Export,"Rice, milled",1865,6034
Export,"Rice, milled",1866,6767
Export,"Rice, milled",1867,7500
Export,"Rice, milled",1868,6863.333333333329
Export,"Rice, milled",1869,6226.66666666667
Export,"Rice, milled",1870,5590
Export,"Rice, milled",1871,5098.25
Export,"Rice, milled",1872,4606.5
Export,"Rice, milled",1873,4114.75
Export,"Rice, milled",1874,3623
Export,"Rice, milled",1875,3355
Export,"Rice, milled",1876,3087
Export,"Rice, milled",1877,2819
Export,"Rice, milled",1878,2695
Export,"Rice, milled",1879,2204
Export,"Rice, milled",1880,1713
Export,"Rice, milled",1881,1580
Export,"Rice, milled",1882,1447
Export,"Rice, milled",1883,1314
Export,"Rice, milled",1884,774
Export,"Rice, milled",1885,748
Export,"Rice, milled",1886,722
Export,"Rice, milled",1887,987.666666666667
Export,"Rice, milled",1888,1253.33333333333
Export,"Rice, milled",1889,1519
Export,"Rice, milled",1890,3770
Export,"Rice, milled",1891,4179.666666666671
Export,"Rice, milled",1892,4589.333333333329
Export,"Rice, milled",1893,4999
Export,"Rice, milled",1894,7075.33333333333
Export,"Rice, milled",1895,9151.666666666672
Export,"Rice, milled",1896,11228
Export,"Rice, milled",1897,24271
Export,"Rice, milled",1898,16236.5
Export,"Rice, milled",1899,8202
Export,"Rice, milled",1900,8524.5
Export,"Rice, milled",1901,8847
Export,"Rice, milled",1902,7825
Export,"Rice, milled",1903,15734.6
Export,"Rice, milled",1904,13849.9
Export,"Rice, milled",1905,9479
Export,"Rice, milled",1906,7652.0999999999995
Export,"Rice, milled",1907,5703
Export,"Rice, milled",1908,11364.2
Export,"Rice, milled",1909,8184.200000000001
Export,"Rice, milled",1910,4010.7
Export,"Rice, milled",1911,2050.2
Export,"Rice, milled",1912,6734
Export,"Rice, milled",1913,19987.5
Export,"Rice, milled",1914,16211.6
Export,"Rice, milled",1915,50844.5
Export,"Rice, milled",1916,34528
Export,"Rice, milled",1917,34337.8
Export,"Rice, milled",1918,30368.300000000003
Export,"Rice, milled",1919,9876.4
Export,"Rice, milled",1920,54798.9
Export,"Rice, milled",1921,66148.6
Export,"Rice, milled",1922,24383.8
Export,"Rice, milled",1923,67788.4
Export,"Rice, milled",1924,52547.9
Export,"Rice, milled",1925,45924
Export,"Rice, milled",1926,64218.2
Export,"Rice, milled",1927,53342.3
Export,"Rice, milled",1928,59711.2
Export,"Rice, milled",1929,39151.5
Export,"Rice, milled",1930,56515.5
Export,"Rice, milled",1931,37822.8
Export,"Rice, milled",1932,39356.9
Export,"Rice, milled",1933,8554.3
Export,"Rice, milled",1934,45830
Export,"Rice, milled",1935,25250
Export,"Rice, milled",1936,22240
Export,"Rice, milled",1937,19280
Export,"Rice, milled",1938,16320
Export,"Rice, milled",1939,13360
Export,"Rice, milled",1940,10430
Export,"Rice, milled",1941,2640
Export,"Rice, milled",1942,9470
Export,"Rice, milled",1943,2800
Export,"Rice, milled",1944,6200
Export,"Rice, milled",1945,5320
Export,"Rice, milled",1946,6500
Export,"Rice, milled",1947,9000
Export,"Rice, milled",1948,8100
Export,"Rice, milled",1949,6000
Export,"Rice, milled",1950,5900
Export,"Rice, milled",1951,8100
Export,"Rice, milled",1952,66300
Export,"Rice, milled",1953,53600
Export,"Rice, milled",1954,60500
Export,"Rice, milled",1955,49800
Export,"Rice, milled",1956,91000
Export,"Rice, milled",1957,63900
Export,"Rice, milled",1958,97000
Export,"Rice, milled",1959,28000
Export,"Rice, milled",1960,33641
Export,"Rice, paddy",1930,2737
Export,"Rice, paddy",1931,2.5
Export,"Rice, paddy",1932,142.7
Export,"Rice, paddy",1935,2570
Export,"Rice, paddy",1939,280
Export,"Rubber, natural",1928,20
Export,"Rubber, natural",1929,10
Export,"Rubber, natural",1935,20
Export,"Rubber, natural",1940,10
Export,"Rubber, natural",1948,5
Export,"Rubber, natural",1949,7
Export,"Rubber, natural",1950,100
Export,"Rubber, natural",1951,200
Export,"Rubber, natural",1952,200
Export,"Rubber, natural",1953,100
Export,"Rubber, natural",1954,100
Export,"Rubber, natural",1955,65.7142857142857
Export,"Rubber, natural",1956,77.1428571428572
Export,"Rubber, natural",1957,88.57142857142861
Export,"Rubber, natural",1958,100
Export,"Rubber, natural",1959,120
Export,"Rubber, natural",1960,189.172666666667
Export,Rye,1903,10
Export,Rye,1904,1210
Export,Rye,1905,2550
Export,Rye,1907,30
Export,Rye,1908,600
Export,Rye,1909,570
Export,Rye,1910,40
Export,Rye,1911,150
Export,Rye,1912,3580
Export,Rye,1913,290
Export,Rye,1914,130
Export,Rye,1915,10
Export,Rye,1916,20
Export,Rye,1917,1870
Export,Rye,1918,1590
Export,Rye,1919,60
Export,Rye,1920,50
Export,Rye,1921,50
Export,Rye,1922,30
Export,Rye,1923,40
Export,Rye,1924,40
Export,Rye,1925,10
Export,Rye,1927,10
Export,Rye,1928,10
Export,Rye,1930,8.1
Export,Rye,1932,3.3
Export,Rye,1933,10
Export,Rye,1934,10
Export,Rye,1935,10
Export,Rye,1940,60
Export,Rye,1942,70
Export,Rye,1946,100
Export,Rye,1949,100
Export,Rye,1952,12700
Export,Rye,1953,1400
Export,Rye,1956,16300
Export,Silk raw,1860,59
Export,Silk raw,1861,59
Export,Silk raw,1862,59
Export,Silk raw,1863,59
Export,Silk raw,1864,62.142857142857096
Export,Silk raw,1865,65.28571428571429
Export,Silk raw,1866,68.42857142857139
Export,Silk raw,1867,71.57142857142861
Export,Silk raw,1868,74.71428571428571
Export,Silk raw,1869,77.8571428571429
Export,Silk raw,1870,81
Export,Silk raw,1871,79.0769230769231
Export,Silk raw,1872,77.1538461538462
Export,Silk raw,1873,75.2307692307692
Export,Silk raw,1874,73.30769230769229
Export,Silk raw,1875,71.38461538461539
Export,Silk raw,1876,69.46153846153851
Export,Silk raw,1877,67.5384615384616
Export,Silk raw,1878,65.6153846153846
Export,Silk raw,1879,63.6923076923077
Export,Silk raw,1880,61.7692307692308
Export,Silk raw,1881,59.846153846153904
Export,Silk raw,1882,57.923076923077
Export,Silk raw,1883,56
Export,Silk raw,1884,44
Export,Silk raw,1885,49.8
Export,Silk raw,1886,55.599999999999994
Export,Silk raw,1887,61.400000000000006
Export,Silk raw,1888,67.2
Export,Silk raw,1889,73
Export,Silk raw,1890,93
Export,Silk raw,1891,83.6666666666667
Export,Silk raw,1892,74.3333333333333
Export,Silk raw,1893,65
Export,Silk raw,1894,70
Export,Silk raw,1895,75
Export,Silk raw,1896,80
Export,Silk raw,1897,42
Export,Silk raw,1898,67.5
Export,Silk raw,1899,93
Export,Silk raw,1900,94.5
Export,Silk raw,1901,96
Export,Silk raw,1902,109
Export,Silk raw,1903,94.5
Export,Silk raw,1904,80
Export,Silk raw,1905,96
Export,Silk raw,1906,112
Export,Silk raw,1907,128
Export,Silk raw,1908,144
Export,Silk raw,1909,160
Export,Silk raw,1910,141
Export,Silk raw,1911,122
Export,Silk raw,1912,109
Export,Silk raw,1913,117
Export,Silk raw,1914,125
Export,Silk raw,1915,128.5
Export,Silk raw,1916,132
Export,Silk raw,1917,107
Export,Silk raw,1918,117.6
Export,Silk raw,1919,128.20000000000002
Export,Silk raw,1920,138.8
Export,Silk raw,1921,149.4
Export,Silk raw,1922,160
Export,Silk raw,1923,136
Export,Silk raw,1924,149
Export,Silk raw,1925,150
Export,Silk raw,1926,40
Export,Silk raw,1927,50
Export,Silk raw,1928,30
Export,Silk raw,1929,50
Export,Silk raw,1930,30
Export,Silk raw,1931,20
Export,Silk raw,1932,10
Export,Silk raw,1933,19
Export,Silk raw,1934,15
Export,Silk raw,1935,8
Export,Silk raw,1939,4
Export,Silk raw,1940,2
Export,Silk raw,1948,1
Export,Silk raw,1949,1
Export,Silk raw,1952,70
Export,Silk raw,1953,187
Export,Silk raw,1954,304
Export,Silk raw,1955,421
Export,Silk raw,1956,529
Export,Silk raw,1957,369.66666666666697
Export,Silk raw,1958,210.333333333333
Export,Silk raw,1959,51
Export,Silk raw,1960,5036
Export,Sorghum,1891,9.666666666666671
Export,Sorghum,1892,19.3333333333333
Export,Sorghum,1893,29
Export,Sorghum,1894,19.3333333333333
Export,Sorghum,1895,9.666666666666671
Export,Spices nes,1860,516
Export,Spices nes,1861,432.8
Export,Spices nes,1862,349.6
Export,Spices nes,1863,266.40000000000003
Export,Spices nes,1864,183.2
Export,Spices nes,1865,100
Export,Spices nes,1866,102
Export,Spices nes,1867,104
Export,Spices nes,1868,106
Export,Spices nes,1869,108
Export,Spices nes,1870,110
Export,Spices nes,1871,235
Export,Spices nes,1872,360
Export,Spices nes,1873,485
Export,Spices nes,1874,610
Export,Spices nes,1875,573.333333333333
Export,Spices nes,1876,536.666666666667
Export,Spices nes,1877,500
Export,Spices nes,1878,350
Export,Spices nes,1879,600
Export,Spices nes,1880,850
Export,Spices nes,1881,816.666666666667
Export,Spices nes,1882,783.333333333333
Export,Spices nes,1883,750
Export,Spices nes,1884,600
Export,Spices nes,1885,750
Export,Spices nes,1886,900
Export,Spices nes,1887,1166.6666666666702
Export,Spices nes,1888,1433.33333333333
Export,Spices nes,1889,1700
Export,Spices nes,1890,1500
Export,Spices nes,1891,1800
Export,Spices nes,1892,2100
Export,Spices nes,1893,2400
Export,Spices nes,1894,2666.66666666667
Export,Spices nes,1895,2933.33333333333
Export,Spices nes,1896,3200
Export,Spices nes,1897,2400
Export,Spices nes,1898,2600
Export,Spices nes,1899,2800
Export,Spices nes,1900,2900
Export,Spices nes,1901,3000
Export,Spices nes,1902,2500
Export,Spices nes,1903,3250
Export,Spices nes,1904,4000
Export,Spices nes,1905,4320
Export,Spices nes,1906,4640
Export,Spices nes,1907,4960
Export,Spices nes,1908,5280
Export,Spices nes,1909,5600
Export,Spices nes,1910,4300
Export,Spices nes,1911,3000
Export,Spices nes,1912,6900
Export,Spices nes,1913,6300
Export,Spices nes,1914,5700
Export,Spices nes,1915,6100
Export,Spices nes,1916,6500
Export,Spices nes,1917,6300
Export,Spices nes,1918,5500
Export,Spices nes,1919,4700
Export,Spices nes,1920,6275
Export,Spices nes,1921,7850
Export,Spices nes,1922,9425
Export,Spices nes,1923,11000
Export,Spices nes,1924,12000
Export,Spices nes,1925,13000
Export,Spices nes,1926,12875
Export,Spices nes,1927,12750
Export,Spices nes,1928,12625
Export,Spices nes,1929,12500
Export,Spices nes,1930,12375
Export,Spices nes,1931,12250
Export,Spices nes,1932,12125
Export,Spices nes,1933,12000
Export,Spices nes,1934,15000
Export,Spices nes,1935,13000
Export,Spices nes,1936,10720
Export,Spices nes,1937,8440
Export,Spices nes,1938,6160
Export,Spices nes,1939,3880
Export,Spices nes,1940,1600
Export,Spices nes,1941,1500
Export,Spices nes,1942,1700
Export,Spices nes,1943,1900
Export,Spices nes,1944,2100
Export,Spices nes,1945,2300
Export,Spices nes,1946,2500
Export,Spices nes,1947,2700
Export,Spices nes,1948,2900
Export,Spices nes,1949,3100
Export,Spices nes,1950,3300
Export,Spices nes,1951,3200
Export,Spices nes,1952,3257.1428571428596
Export,Spices nes,1953,3314.28571428571
Export,Spices nes,1954,3371.42857142857
Export,Spices nes,1955,3428.5714285714303
Export,Spices nes,1956,3485.7142857142903
Export,Spices nes,1957,3542.85714285714
Export,Spices nes,1958,3600
Export,Spices nes,1959,2500
Export,Spices nes,1960,3740.33333333333
Export,Sugar refined,1924,8
Export,Sugar refined,1925,5
Export,Sugar refined,1926,20
Export,Sugar refined,1927,230
Export,Sugar refined,1928,30
Export,Sugar refined,1929,30
Export,Sugar refined,1930,80
Export,Sugar refined,1931,40
Export,Sugar refined,1932,10
Export,Sugar refined,1933,40
Export,Sugar refined,1934,40
Export,Sugar refined,1935,2
Export,Sugar refined,1936,581.6
Export,Sugar refined,1937,1161.2
Export,Sugar refined,1938,1740.8
Export,Sugar refined,1939,2320
Export,Sugar refined,1940,4270
Export,Sugar refined,1941,8490
Export,Sugar refined,1942,12120
Export,Sugar refined,1943,10000
Export,Sugar refined,1944,8870
Export,Sugar refined,1945,10660
Export,Sugar refined,1946,10000
Export,Sugar refined,1947,14500
Export,Sugar refined,1948,12600
Export,Sugar refined,1949,16300
Export,Sugar refined,1950,10200
Export,Sugar refined,1951,7300
Export,Sugar refined,1952,4900
Export,Sugar refined,1953,126800
Export,Sugar refined,1954,50300
Export,Sugar refined,1955,400
Export,Sugar refined,1956,500
Export,Sugar refined,1957,600
Export,Sugar refined,1958,2200
Export,Sugar refined,1960,6253
Export,Tallow,1860,68.8888888888889
Export,Tallow,1861,68.92592592592591
Export,Tallow,1862,68.962962962963
Export,Tallow,1863,69
Export,Tallow,1864,85
Export,Tallow,1865,101
Export,Tallow,1866,117
Export,Tallow,1867,133
Export,Tallow,1868,149
Export,Tallow,1869,165
Export,Tallow,1870,181
Export,Tallow,1871,217
Export,Tallow,1872,253
Export,Tallow,1873,289
Export,Tallow,1874,325
Export,Tallow,1875,361
Export,Tallow,1876,397
Export,Tallow,1877,433
Export,Tallow,1878,469
Export,Tallow,1879,505
Export,Tallow,1880,541
Export,Tallow,1881,577
Export,Tallow,1882,613
Export,Tallow,1883,761.375
Export,Tallow,1884,909.75
Export,Tallow,1885,1058.125
Export,Tallow,1886,1206.5
Export,Tallow,1887,1354.875
Export,Tallow,1888,1503.25
Export,Tallow,1889,1651.625
Export,Tallow,1890,1800
Export,Tallow,1891,1748.2
Export,Tallow,1892,1696.3999999999999
Export,Tallow,1893,1644.6000000000001
Export,Tallow,1894,1592.8
Export,Tallow,1895,1541
Export,Tallow,1896,1489.2
Export,Tallow,1897,1437.4
Export,Tallow,1898,1385.6
Export,Tallow,1899,1333.8000000000002
Export,Tallow,1900,1282
Export,Tallow,1901,1184
Export,Tallow,1902,1086
Export,Tallow,1903,988
Export,Tallow,1904,890
Export,Tallow,1905,792
Export,Tallow,1906,869.8000000000001
Export,Tallow,1907,947.6
Export,Tallow,1908,1025.4
Export,Tallow,1909,1103.2
Export,Tallow,1910,1181
Export,Tallow,1911,1003.25
Export,Tallow,1912,825.5
Export,Tallow,1913,647.75
Export,Tallow,1914,470
Export,Tallow,1915,340
Export,Tallow,1916,210
Export,Tallow,1917,78
Export,Tallow,1918,67
Export,Tallow,1919,387
Export,Tallow,1920,538
Export,Tallow,1921,891
Export,Tallow,1922,1244
Export,Tallow,1923,1597
Export,Tallow,1924,1699
Export,Tallow,1925,1351
Export,Tallow,1926,1214
Export,Tallow,1927,1077
Export,Tallow,1928,940
Export,Tallow,1929,803
Export,Tallow,1930,666
Export,Tallow,1931,529
Export,Tallow,1932,392
Export,Tallow,1933,255
Export,Tallow,1934,1
Export,Tallow,1935,5
Export,Tallow,1951,300
Export,Tallow,1952,300
Export,Tallow,1953,300
Export,Tallow,1954,1
Export,Tallow,1955,1
Export,Tea,1940,3
Export,"Tobacco, unmanufactured",1923,64
Export,"Tobacco, unmanufactured",1924,38
Export,"Tobacco, unmanufactured",1926,20.75
Export,"Tobacco, unmanufactured",1927,41.5
Export,"Tobacco, unmanufactured",1928,62.25
Export,"Tobacco, unmanufactured",1929,83
Export,"Tobacco, unmanufactured",1930,0.5
Export,"Tobacco, unmanufactured",1931,0.5
Export,"Tobacco, unmanufactured",1932,8
Export,"Tobacco, unmanufactured",1933,0.5
Export,"Tobacco, unmanufactured",1951,4
Export,"Tobacco, unmanufactured",1952,3
Export,"Tobacco, unmanufactured",1953,2
Export,"Tobacco, unmanufactured",1954,1
Export,"Tobacco, unmanufactured",1955,1
Export,"Tobacco, unmanufactured",1956,200
Export,"Tobacco, unmanufactured",1957,500
Export,"Tobacco, unmanufactured",1958,4100
Export,"Tobacco, unmanufactured",1959,700
Export,"Tobacco, unmanufactured",1960,474
Export,Tomatoes,1860,531
Export,Tomatoes,1861,531
Export,Tomatoes,1862,531
Export,Tomatoes,1863,531
Export,Tomatoes,1864,1299
Export,Tomatoes,1865,2067
Export,Tomatoes,1866,2109.6
Export,Tomatoes,1867,2152.2000000000003
Export,Tomatoes,1868,2194.7999999999997
Export,Tomatoes,1869,2237.4
Export,Tomatoes,1870,2280
Export,Tomatoes,1871,2495.25
Export,Tomatoes,1872,2710.5
Export,Tomatoes,1873,2925.75
Export,Tomatoes,1874,3141
Export,Tomatoes,1875,2957.25
Export,Tomatoes,1876,2773.5
Export,Tomatoes,1877,2589.75
Export,Tomatoes,1878,2406
Export,Tomatoes,1879,2222.25
Export,Tomatoes,1880,2038.5
Export,Tomatoes,1881,1854.75
Export,Tomatoes,1882,1671
Export,Tomatoes,1883,1882.28571428571
Export,Tomatoes,1884,2093.5714285714303
Export,Tomatoes,1885,2304.85714285714
Export,Tomatoes,1886,2516.14285714286
Export,Tomatoes,1887,2727.42857142857
Export,Tomatoes,1888,2938.71428571429
Export,Tomatoes,1889,3150
Export,Tomatoes,1890,3600
Export,Tomatoes,1891,5066.66666666667
Export,Tomatoes,1892,6533.333333333329
Export,Tomatoes,1893,8000
Export,Tomatoes,1894,8600
Export,Tomatoes,1895,9200
Export,Tomatoes,1896,9800
Export,Tomatoes,1897,11600
Export,Tomatoes,1898,11800
Export,Tomatoes,1899,12000
Export,Tomatoes,1900,14500
Export,Tomatoes,1901,17000
Export,Tomatoes,1902,16000
Export,Tomatoes,1903,16266.6666666667
Export,Tomatoes,1904,16533.3333333333
Export,Tomatoes,1905,16800
Export,Tomatoes,1906,17600
Export,Tomatoes,1907,18400
Export,Tomatoes,1908,19200
Export,Tomatoes,1909,20000
Export,Tomatoes,1910,15600
Export,Tomatoes,1911,20000
Export,Tomatoes,1912,24000
Export,Tomatoes,1913,18000
Export,Tomatoes,1914,12000
Export,Tomatoes,1915,15500
Export,Tomatoes,1916,19000
Export,Tomatoes,1917,34000
Export,Tomatoes,1918,24500
Export,Tomatoes,1919,15000
Export,Tomatoes,1920,14000
Export,Tomatoes,1921,13000
Export,Tomatoes,1922,12000
Export,Tomatoes,1923,11000
Export,Tomatoes,1924,11000
Export,Tomatoes,1925,13000
Export,Tomatoes,1926,13375
Export,Tomatoes,1927,13750
Export,Tomatoes,1928,14125
Export,Tomatoes,1929,14500
Export,Tomatoes,1930,14875
Export,Tomatoes,1931,15250
Export,Tomatoes,1932,15625
Export,Tomatoes,1933,16000
Export,Tomatoes,1934,32000
Export,Tomatoes,1935,31000
Export,Tomatoes,1936,33800
Export,Tomatoes,1937,36600
Export,Tomatoes,1938,39400
Export,Tomatoes,1939,42200
Export,Tomatoes,1940,45000
Export,Tomatoes,1941,38000
Export,Tomatoes,1942,47400
Export,Tomatoes,1943,56800
Export,Tomatoes,1944,66200
Export,Tomatoes,1945,75600
Export,Tomatoes,1946,85000
Export,Tomatoes,1947,78000
Export,Tomatoes,1948,71333.3333333333
Export,Tomatoes,1949,64666.6666666667
Export,Tomatoes,1950,58000
Export,Tomatoes,1951,76000
Export,Tomatoes,1952,97333.3333333333
Export,Tomatoes,1953,118666.66666666699
Export,Tomatoes,1954,140000
Export,Tomatoes,1955,160000
Export,Tomatoes,1956,163000
Export,Tomatoes,1957,166000
Export,Tomatoes,1958,169000
Export,Tomatoes,1959,154000
Export,Tomatoes,1960,164580.333333333
Export,"Walnuts, with shell",1930,475.1
Export,"Walnuts, with shell",1931,604.8
Export,"Walnuts, with shell",1932,294.9
Export,"Walnuts, with shell",1933,304.5
Export,"Walnuts, with shell",1934,335.7
Export,"Walnuts, with shell",1935,168
Export,Wheat,1860,22575
Export,Wheat,1861,33798
Export,Wheat,1862,17415
Export,Wheat,1863,1032
Export,Wheat,1864,5138.5
Export,Wheat,1865,9245
Export,Wheat,1866,100000
Export,Wheat,1867,24381
Export,Wheat,1868,1247
Export,Wheat,1869,4845
Export,Wheat,1870,8443
Export,Wheat,1871,31432
Export,Wheat,1872,54421
Export,Wheat,1873,198264
Export,Wheat,1874,78828
Export,Wheat,1875,37000
Export,Wheat,1876,25283.6666666667
Export,Wheat,1877,43679
Export,Wheat,1878,45693
Export,Wheat,1879,24330.5
Export,Wheat,1880,2968
Export,Wheat,1881,2579.6666666666697
Export,Wheat,1882,2191.33333333333
Export,Wheat,1883,1803
Export,Wheat,1884,181
Export,Wheat,1885,390
Export,Wheat,1886,599
Export,Wheat,1887,453.333333333333
Export,Wheat,1888,307.66666666666697
Export,Wheat,1889,162
Export,Wheat,1890,483
Export,Wheat,1891,488.666666666667
Export,Wheat,1892,494.33333333333303
Export,Wheat,1893,500
Export,Wheat,1894,536
Export,Wheat,1895,572
Export,Wheat,1896,608
Export,Wheat,1897,62
Export,Wheat,1898,71
Export,Wheat,1899,80
Export,Wheat,1900,25000
Export,Wheat,1901,17
Export,Wheat,1902,9
Export,Wheat,1903,10
Export,Wheat,1904,150
Export,Wheat,1905,20
Export,Wheat,1906,10
Export,Wheat,1907,218
Export,Wheat,1908,239
Export,Wheat,1909,250
Export,Wheat,1910,40
Export,Wheat,1911,110
Export,Wheat,1912,510
Export,Wheat,1913,460
Export,Wheat,1914,1630
Export,Wheat,1915,420
Export,Wheat,1916,2390
Export,Wheat,1917,2890
Export,Wheat,1918,1630
Export,Wheat,1919,2130
Export,Wheat,1920,2640
Export,Wheat,1921,3940
Export,Wheat,1922,10
Export,Wheat,1923,90
Export,Wheat,1924,370
Export,Wheat,1925,340
Export,Wheat,1926,30
Export,Wheat,1927,70
Export,Wheat,1928,10
Export,Wheat,1929,630
Export,Wheat,1930,210
Export,Wheat,1931,70
Export,Wheat,1932,5
Export,Wheat,1933,10
Export,Wheat,1934,20
Export,Wheat,1935,1.5
Export,Wheat,1936,1251.6000000000001
Export,Wheat,1937,2501.2
Export,Wheat,1938,3750.7999999999997
Export,Wheat,1939,5000.4
Export,Wheat,1940,6250
Export,Wheat,1941,1590
Export,Wheat,1942,3130
Export,Wheat,1943,2330
Export,Wheat,1944,730
Export,Wheat,1945,2520
Export,Wheat,1946,1300
Export,Wheat,1947,8900
Export,Wheat,1948,4400
Export,Wheat,1949,8200
Export,Wheat,1950,5700
Export,Wheat,1951,27000
Export,Wheat,1952,27100
Export,Wheat,1953,30440
Export,Wheat,1954,32159.999999999996
Export,Wheat,1955,500
Export,Wheat,1956,35600
Export,Wheat,1957,21200
Export,Wheat,1958,47500
Export,Wheat,1959,91400
Export,Wheat,1960,61933
Export,Wine,1849,66852.46800000001
Export,Wine,1850,58083.551999999996
Export,Wine,1851,64008.9048
Export,Wine,1852,70066.99919999999
Export,Wine,1853,86295.22559999999
Export,Wine,1854,105825.756
Export,Wine,1855,106513.4736
Export,Wine,1856,113099.5824
Export,Wine,1857,151785.936
Export,Wine,1858,85451.544
Export,Wine,1859,100394.1744
Export,Wine,1860,126140.928
Export,Wine,1861,115863.8352
Export,Wine,1862,113591.3856
Export,Wine,1863,111913.3704
Export,Wine,1864,126787.7112
Export,Wine,1865,101492.1216
Export,Wine,1866,104507.196
Export,Wine,1867,124898.0376
Export,Wine,1868,173623.25759999998
Export,Wine,1869,133852.536
Export,Wine,1870,139966.3248
Export,Wine,1871,158780.7984
Export,Wine,1872,190336.4976
Export,Wine,1873,256594.0392
Export,Wine,1874,197815.88160000002
Export,Wine,1875,193736.7096
Export,Wine,1876,171826.1784
Export,Wine,1877,213403.9176
Export,Wine,1878,274794.30000000005
Export,Wine,1879,363994.0968
Export,Wine,1880,598221.7176000001
Export,Wine,1881,676230.7776
Export,Wine,1882,739383.4055999999
Export,Wine,1883,740357.4672
Export,Wine,1884,629798.6712
Export,Wine,1885,696509.5416
Export,Wine,1886,714996.3432
Export,Wine,1887,810190.0776
Export,Wine,1888,883544.0304
Export,Wine,1889,845176.3944000001
Export,Wine,1890,900163.2
Export,Wine,1891,1112586.3647999999
Export,Wine,1892,662851.7232
Export,Wine,1893,508234.91760000004
Export,Wine,1894,405969.2736
Export,Wine,1895,526260.3216
Export,Wine,1896,655815.0408000001
Export,Wine,1897,525756.612
Export,Wine,1898,630680.9256000001
Export,Wine,1899,476420.82
Export,Wine,1900,380667.3864
Export,Wine,1901,230157.108
Export,Wine,1902,193628.3712
Export,Wine,1903,239184.2256
Export,Wine,1904,224882.376
Export,Wine,1905,203904.48
Export,Wine,1906,143944.0464
Export,Wine,1907,136478.93039999998
Export,Wine,1908,154244.1648
Export,Wine,1909,132454.76400000002
Export,Wine,1910,238457.3448
Export,Wine,1911,293947.17120000004
Export,Wine,1912,315168.2136
Export,Wine,1913,417532.65119999996
Export,Wine,1914,221687.328
Export,Wine,1915,142074.1512
Export,Wine,1916,409273.8408
Export,Wine,1917,594055.068
Export,Wine,1918,240236.8104
Export,Wine,1919,559429.3872
Export,Wine,1920,456161.9328
Export,Wine,1921,284124.19440000004
Export,Wine,1922,274492.6056
Export,Wine,1923,285250.4808
Export,Wine,1924,312921.2496
Export,Wine,1925,250406.6472
Export,Wine,1926,294215.9016
Export,Wine,1927,499636.52880000003
Export,Wine,1928,586272.3168
Export,Wine,1929,372616.2984
Export,Wine,1930,343396.0248
Export,Wine,1931,329711.34
Export,Wine,1932,194579.89919999999
Export,Wine,1933,246531.36000000002
Export,Wine,1934,153267.84
Export,Wine,1935,129622.32
Export,Wine,1939,25849.68
Export,Wine,1940,43404.24
Export,Wine,1941,21874.32
Export,Wine,1942,28142.399999999998
Export,Wine,1943,59010.48
Export,Wine,1944,75236.64
Export,Wine,1945,43453.44
Export,Wine,1946,56088
Export,Wine,1947,35916
Export,Wine,1948,82065.6
Export,Wine,1949,135103.19999999998
Export,Wine,1950,75964.8
Export,Wine,1951,90823.2
Export,Wine,1952,87969.6
Export,Wine,1953,101548.8
Export,Wine,1954,152323.2
Export,Wine,1955,117096
Export,Wine,1956,139039.19999999998
Export,Wine,1957,145730.4
Export,Wine,1958,321964.80000000005
Export,Wine,1959,132741.6
Export,Wine,1960,119971
Export,"Wool, degreased",1922,771.2
Export,"Wool, degreased",1923,1015.9
Export,"Wool, degreased",1924,1529.1999999999998
Export,"Wool, degreased",1925,684.2
Export,"Wool, degreased",1926,754
Export,"Wool, degreased",1927,662
Export,"Wool, degreased",1928,383.29999999999995
Export,"Wool, degreased",1929,357.3
Export,"Wool, degreased",1930,346.8
Export,"Wool, degreased",1931,290.2
Export,"Wool, degreased",1932,209.7
Export,"Wool, degreased",1933,220
Export,"Wool, degreased",1934,380
Export,"Wool, degreased",1935,220
Export,"Wool, degreased",1940,10
Export,"Wool, degreased",1946,10
Export,"Wool, degreased",1951,800
Export,"Wool, degreased",1952,300
Export,"Wool, degreased",1960,300
Export,"Wool, greasy",1860,4658
Export,"Wool, greasy",1861,2721
Export,"Wool, greasy",1862,2736
Export,"Wool, greasy",1863,2111
Export,"Wool, greasy",1864,239
Export,"Wool, greasy",1865,2235
Export,"Wool, greasy",1866,2997
Export,"Wool, greasy",1867,3903
Export,"Wool, greasy",1868,2515
Export,"Wool, greasy",1869,3028
Export,"Wool, greasy",1870,2515
Export,"Wool, greasy",1871,5526
Export,"Wool, greasy",1872,4331
Export,"Wool, greasy",1873,2672
Export,"Wool, greasy",1874,1960
Export,"Wool, greasy",1875,4225
Export,"Wool, greasy",1876,1851
Export,"Wool, greasy",1877,4043.9999999999995
Export,"Wool, greasy",1878,3580
Export,"Wool, greasy",1879,3840
Export,"Wool, greasy",1880,6242
Export,"Wool, greasy",1881,3877
Export,"Wool, greasy",1882,2676
Export,"Wool, greasy",1883,3931
Export,"Wool, greasy",1884,3636
Export,"Wool, greasy",1885,2720
Export,"Wool, greasy",1886,9204
Export,"Wool, greasy",1887,8293
Export,"Wool, greasy",1888,9111
Export,"Wool, greasy",1889,8546
Export,"Wool, greasy",1890,4972
Export,"Wool, greasy",1891,4375
Export,"Wool, greasy",1892,5804
Export,"Wool, greasy",1893,8797
Export,"Wool, greasy",1894,7422
Export,"Wool, greasy",1895,12786
Export,"Wool, greasy",1896,14680
Export,"Wool, greasy",1897,12469
Export,"Wool, greasy",1898,13373
Export,"Wool, greasy",1899,12096
Export,"Wool, greasy",1900,6267
Export,"Wool, greasy",1901,9280
Export,"Wool, greasy",1902,11719
Export,"Wool, greasy",1903,11383
Export,"Wool, greasy",1904,13067
Export,"Wool, greasy",1905,19878
Export,"Wool, greasy",1906,12044
Export,"Wool, greasy",1907,14607
Export,"Wool, greasy",1908,6519
Export,"Wool, greasy",1909,16741
Export,"Wool, greasy",1910,10858
Export,"Wool, greasy",1911,11230
Export,"Wool, greasy",1912,11334
Export,"Wool, greasy",1913,14486
Export,"Wool, greasy",1914,12615
Export,"Wool, greasy",1915,5543
Export,"Wool, greasy",1916,5293
Export,"Wool, greasy",1917,8329
Export,"Wool, greasy",1918,3830
Export,"Wool, greasy",1919,8585
Export,"Wool, greasy",1920,6735
Export,"Wool, greasy",1921,2384
Export,"Wool, greasy",1922,5329.3
Export,"Wool, greasy",1923,5431.4
Export,"Wool, greasy",1924,6438.3
Export,"Wool, greasy",1925,2272.5
Export,"Wool, greasy",1926,2288.1
Export,"Wool, greasy",1927,7032.6
Export,"Wool, greasy",1928,2915.7999999999997
Export,"Wool, greasy",1929,4414.5
Export,"Wool, greasy",1930,2354.2000000000003
Export,"Wool, greasy",1931,868.6
Export,"Wool, greasy",1932,808.6999999999999
Export,"Wool, greasy",1933,1290
Export,"Wool, greasy",1934,1240
Export,"Wool, greasy",1935,1370
Export,"Wool, greasy",1936,1349.6
Export,"Wool, greasy",1937,1108.2
Export,"Wool, greasy",1938,866.8000000000001
Export,"Wool, greasy",1939,400
Export,"Wool, greasy",1940,370
Export,"Wool, greasy",1941,550
Export,"Wool, greasy",1942,10
Export,"Wool, greasy",1943,10
Export,"Wool, greasy",1945,831.4
Export,"Wool, greasy",1946,528.2
Export,"Wool, greasy",1947,225
Export,"Wool, greasy",1948,138
Export,"Wool, greasy",1949,511
Export,"Wool, greasy",1950,884
Export,"Wool, greasy",1951,1257
Export,"Wool, greasy",1952,100
Export,"Wool, greasy",1953,1094
Export,"Wool, greasy",1954,762
Export,"Wool, greasy",1955,430
Export,"Wool, greasy",1956,488
Export,"Wool, greasy",1957,230
Export,"Wool, greasy",1958,260
Export,"Wool, greasy",1959,137
Export,"Wool, greasy",1960,999
Import,"Almonds, with shell",1930,49.4
Import,"Almonds, with shell",1931,34.3
Import,"Almonds, with shell",1932,4.8999999999999995
Import,"Almonds, with shell",1933,20.7
Import,"Almonds, with shell",1934,23.900000000000002
Import,"Almonds, with shell",1935,1.4
Import,Apples,1860,178.92
Import,Apples,1861,199.605454545455
Import,Apples,1862,220.290909090909
Import,Apples,1863,240.976363636364
Import,Apples,1864,261.661818181818
Import,Apples,1865,282.347272727273
Import,Apples,1866,303.032727272727
Import,Apples,1867,323.718181818182
Import,Apples,1868,344.403636363636
Import,Apples,1869,365.089090909091
Import,Apples,1870,385.774545454545
Import,Apples,1871,406.46
Import,Apples,1872,427.145454545455
Import,Apples,1873,447.830909090909
Import,Apples,1874,468.516363636364
Import,Apples,1875,489.201818181818
Import,Apples,1876,509.88727272727294
Import,Apples,1877,530.572727272727
Import,Apples,1878,551.2581818181819
Import,Apples,1879,571.943636363636
Import,Apples,1880,592.629090909091
Import,Apples,1881,613.314545454546
Import,Apples,1882,634
Import,Apples,1883,839.75
Import,Apples,1884,1045.5
Import,Apples,1885,1251.25
Import,Apples,1886,1457
Import,Apples,1887,1662.75
Import,Apples,1888,1868.5
Import,Apples,1889,2074.25
Import,Apples,1890,2280
Import,Apples,1891,2083.25
Import,Apples,1892,1886.5
Import,Apples,1893,1689.75
Import,Apples,1894,1493
Import,Apples,1895,1362.66666666667
Import,Apples,1896,1232.3333333333298
Import,Apples,1897,1102
Import,Apples,1898,1053
Import,Apples,1899,1295
Import,Apples,1900,1537
Import,Apples,1901,1502
Import,Apples,1902,1467
Import,Apples,1903,1432
Import,Apples,1904,1397
Import,Apples,1905,1362
Import,Apples,1906,1309.6000000000001
Import,Apples,1907,1257.2
Import,Apples,1908,1204.8000000000002
Import,Apples,1909,1152.4
Import,Apples,1910,1100
Import,Apples,1911,1120
Import,Apples,1912,1140
Import,Apples,1913,1160
Import,Apples,1914,1180
Import,Apples,1915,1200
Import,Apples,1916,2000
Import,Apples,1917,3000
Import,Apples,1918,2000
Import,Apples,1919,5000
Import,Apples,1920,4000
Import,Apples,1921,3333.33333333333
Import,Apples,1922,2666.66666666667
Import,Apples,1923,2000
Import,Apples,1924,4300
Import,Apples,1925,2300
Import,Apples,1926,1766.66666666667
Import,Apples,1927,1233.33333333333
Import,Apples,1928,700
Import,Apples,1929,1600
Import,Apples,1930,0.2
Import,Apples,1931,16.7
Import,Apples,1932,74.5
Import,Apples,1933,50
Import,Apples,1934,250
Import,Apples,1935,540
Import,Apples,1936,962
Import,Apples,1937,724
Import,Apples,1938,486
Import,Apples,1939,248
Import,Apples,1940,10
Import,Apples,1941,7
Import,Apples,1942,105.6
Import,Apples,1943,204.2
Import,Apples,1944,302.8
Import,Apples,1945,401.4
Import,Apples,1946,500
Import,Apples,1947,400
Import,Apples,1948,516.6666666666671
Import,Apples,1949,633.3333333333329
Import,Apples,1950,750
Import,Apples,1951,800
Import,Apples,1952,533.333333333333
Import,Apples,1953,266.66666666666697
Import,Apples,1955,9
Import,Apples,1956,84.7142857142857
Import,Apples,1957,160.428571428571
Import,Apples,1958,236.142857142857
Import,Apples,1959,311.857142857143
Import,Apples,1960,388
Import,Bacon and ham,1926,30
Import,Bacon and ham,1927,40
Import,Bacon and ham,1928,110
Import,Bacon and ham,1929,140
Import,Bacon and ham,1930,80
Import,Bacon and ham,1931,20
Import,Bacon and ham,1932,10
Import,Bacon and ham,1934,60
Import,Bacon and ham,1935,30
Import,Bacon and ham,1942,30
Import,Bacon and ham,1943,20
Import,Bacon and ham,1944,20
Import,Bacon and ham,1945,20
Import,Bacon and ham,1946,300
Import,Bacon and ham,1947,3600
Import,Bacon and ham,1948,6800
Import,Bacon and ham,1949,1800
Import,Bacon and ham,1950,100
Import,Bacon and ham,1952,500
Import,Bacon and ham,1957,100
Import,Bacon and ham,1958,100
Import,Bananas,1930,32140
Import,Bananas,1931,22030
Import,Bananas,1932,19280
Import,Bananas,1933,21750
Import,Bananas,1934,21860
Import,Bananas,1935,29410
Import,Bananas,1940,101150
Import,Bananas,1941,102700
Import,Bananas,1942,80620
Import,Bananas,1943,67510
Import,Bananas,1944,51180
Import,Bananas,1945,57520
Import,Bananas,1946,41400
Import,Bananas,1947,119500
Import,Bananas,1948,115500
Import,Bananas,1949,116300
Import,Bananas,1950,96600
Import,Bananas,1951,56400
Import,Bananas,1952,69300
Import,Bananas,1953,51800
Import,Bananas,1954,45000
Import,Bananas,1955,69500
Import,Bananas,1956,89500
Import,Bananas,1957,99100
Import,Bananas,1958,76600
Import,Bananas,1959,166400
Import,Barley,1860,1135
Import,Barley,1861,230
Import,Barley,1862,9
Import,Barley,1863,3529.5
Import,Barley,1864,7050
Import,Barley,1865,10570.5
Import,Barley,1866,14091
Import,Barley,1867,17611.5
Import,Barley,1868,21132
Import,Barley,1869,12691
Import,Barley,1870,3500
Import,Barley,1873,670
Import,Barley,1874,6541
Import,Barley,1875,16123.999999999998
Import,Barley,1876,1372
Import,Barley,1877,761.5
Import,Barley,1878,151
Import,Barley,1898,2869
Import,Barley,1899,709
Import,Barley,1900,11465
Import,Barley,1901,14127
Import,Barley,1902,282
Import,Barley,1903,20770
Import,Barley,1904,35460
Import,Barley,1905,74500
Import,Barley,1906,38350
Import,Barley,1907,1620
Import,Barley,1908,4280
Import,Barley,1909,8250
Import,Barley,1910,12420
Import,Barley,1911,5710
Import,Barley,1912,1550
Import,Barley,1913,38300
Import,Barley,1914,11400
Import,Barley,1915,880
Import,Barley,1916,30
Import,Barley,1917,1600
Import,Barley,1918,10
Import,Barley,1919,1850
Import,Barley,1920,640
Import,Barley,1921,145450
Import,Barley,1922,31360
Import,Barley,1923,3310
Import,Barley,1924,50
Import,Barley,1925,30480
Import,Barley,1926,15580
Import,Barley,1927,4
Import,Barley,1928,1540
Import,Barley,1929,5730
Import,Barley,1930,70
Import,Barley,1931,0.7
Import,Barley,1932,3.2
Import,Barley,1933,1.1
Import,Barley,1934,0.1
Import,Barley,1935,0.1
Import,Barley,1936,1161.4
Import,Barley,1937,2322.8
Import,Barley,1938,3484.2
Import,Barley,1939,14880
Import,Barley,1940,5810
Import,Barley,1941,1540
Import,Barley,1942,35720
Import,Barley,1943,36430
Import,Barley,1944,46100
Import,Barley,1945,28320
Import,Barley,1946,17500
Import,Barley,1947,2900
Import,Barley,1948,20400
Import,Barley,1949,19200
Import,Barley,1950,11100
Import,Barley,1951,2700
Import,Barley,1952,32563.000000000004
Import,Barley,1953,63100
Import,Barley,1954,52600
Import,Barley,1955,9600
Import,Barley,1956,22700
Import,Barley,1957,86300
Import,Barley,1958,60900
Import,Barley,1959,117300
Import,Barley,1960,61606
Import,"Beans, dry",1923,300
Import,"Beans, dry",1924,1600
Import,"Beans, dry",1925,5500
Import,"Beans, dry",1926,6600
Import,"Beans, dry",1927,7700
Import,"Beans, dry",1928,8800
Import,"Beans, dry",1929,4200
Import,"Beans, dry",1930,1145
Import,"Beans, dry",1931,2048.2999999999997
Import,"Beans, dry",1932,4730.1
Import,"Beans, dry",1933,7140
Import,"Beans, dry",1934,6370
Import,"Beans, dry",1935,1940
Import,"Beans, dry",1936,9600.199999999999
Import,"Beans, dry",1937,7200.4000000000005
Import,"Beans, dry",1938,4800.6
Import,"Beans, dry",1939,3030
Import,"Beans, dry",1940,20
Import,"Beans, dry",1941,10160
Import,"Beans, dry",1942,35150
Import,"Beans, dry",1943,29690
Import,"Beans, dry",1944,38160
Import,"Beans, dry",1945,17950
Import,"Beans, dry",1946,23200
Import,"Beans, dry",1947,16100.000000000002
Import,"Beans, dry",1948,8300
Import,"Beans, dry",1949,4700
Import,"Beans, dry",1950,34500
Import,"Beans, dry",1951,1400
Import,"Beans, dry",1952,1900
Import,"Beans, dry",1953,200
Import,"Beans, dry",1959,1
Import,"Beans, dry",1960,9
Import,Beer of barley,1860,82.55
Import,Beer of barley,1861,97.04
Import,Beer of barley,1862,111.53
Import,Beer of barley,1863,126.02
Import,Beer of barley,1864,140.51
Import,Beer of barley,1865,155
Import,Beer of barley,1866,179.2
Import,Beer of barley,1867,203.4
Import,Beer of barley,1868,227.6
Import,Beer of barley,1869,251.8
Import,Beer of barley,1870,276
Import,Beer of barley,1871,303
Import,Beer of barley,1872,330
Import,Beer of barley,1873,357
Import,Beer of barley,1874,384
Import,Beer of barley,1875,411
Import,Beer of barley,1876,438
Import,Beer of barley,1877,465
Import,Beer of barley,1878,492
Import,Beer of barley,1879,519
Import,Beer of barley,1880,546
Import,Beer of barley,1881,573
Import,Beer of barley,1882,600
Import,Beer of barley,1883,671.125
Import,Beer of barley,1884,742.25
Import,Beer of barley,1885,813.375
Import,Beer of barley,1886,884.5
Import,Beer of barley,1887,955.625
Import,Beer of barley,1888,1026.75
Import,Beer of barley,1889,1097.875
Import,Beer of barley,1890,1169
Import,Beer of barley,1891,1037
Import,Beer of barley,1892,905
Import,Beer of barley,1893,773
Import,Beer of barley,1894,641
Import,Beer of barley,1895,621.6666666666671
Import,Beer of barley,1896,602.333333333333
Import,Beer of barley,1897,583
Import,Beer of barley,1898,547.333333333333
Import,Beer of barley,1899,511.666666666667
Import,Beer of barley,1900,476
Import,Beer of barley,1901,454.6
Import,Beer of barley,1902,433.2
Import,Beer of barley,1903,411.8
Import,Beer of barley,1904,390.40000000000003
Import,Beer of barley,1905,369
Import,Beer of barley,1906,353.4
Import,Beer of barley,1907,337.8
Import,Beer of barley,1908,322.2
Import,Beer of barley,1909,306.59999999999997
Import,Beer of barley,1910,291
Import,Beer of barley,1911,245.5
Import,Beer of barley,1912,200
Import,Beer of barley,1913,154.5
Import,Beer of barley,1914,109
Import,Beer of barley,1915,63.5
Import,Beer of barley,1916,18
Import,Beer of barley,1917,3
Import,Beer of barley,1918,2
Import,Beer of barley,1919,5
Import,Beer of barley,1920,97
Import,Beer of barley,1921,75.3333333333333
Import,Beer of barley,1922,53.6666666666667
Import,Beer of barley,1923,32
Import,Beer of barley,1924,28
Import,Beer of barley,1925,30
Import,Beer of barley,1926,49
Import,Beer of barley,1927,68
Import,Beer of barley,1928,87
Import,Beer of barley,1929,195
Import,Beer of barley,1930,92
Import,Beer of barley,1931,64.3333333333333
Import,Beer of barley,1932,36.6666666666667
Import,Beer of barley,1933,9
Import,Beer of barley,1934,7
Import,Beer of barley,1935,14
Import,Beer of barley,1950,1
Import,Beer of barley,1951,1.2
Import,Beer of barley,1952,15.6
Import,Beer of barley,1953,30
Import,Beer of barley,1954,44.4
Import,Beer of barley,1955,58.8
Import,Beer of barley,1956,73.2
Import,Beer of barley,1957,87.6
Import,Beer of barley,1958,102
Import,Beer of barley,1959,198
Import,Beer of barley,1960,394.666666666667
Import,"Broad beans, horse beans, dry",1930,3520.6
Import,"Broad beans, horse beans, dry",1931,1872
Import,"Broad beans, horse beans, dry",1932,1082.7
Import,"Broad beans, horse beans, dry",1933,6853.7
Import,"Broad beans, horse beans, dry",1934,8685.7
Import,"Broad beans, horse beans, dry",1935,3908.1
Import,"Butter, cow milk",1922,160
Import,"Butter, cow milk",1923,170
Import,"Butter, cow milk",1924,150
Import,"Butter, cow milk",1925,130
Import,"Butter, cow milk",1926,140
Import,"Butter, cow milk",1927,150
Import,"Butter, cow milk",1928,210
Import,"Butter, cow milk",1929,180
Import,"Butter, cow milk",1930,140
Import,"Butter, cow milk",1931,50
Import,"Butter, cow milk",1932,10
Import,"Butter, cow milk",1933,7
Import,"Butter, cow milk",1934,65
Import,"Butter, cow milk",1935,36
Import,"Butter, cow milk",1936,32.2
Import,"Butter, cow milk",1937,24.400000000000002
Import,"Butter, cow milk",1938,16.6
Import,"Butter, cow milk",1939,2
Import,"Butter, cow milk",1940,1
Import,"Butter, cow milk",1941,3
Import,"Butter, cow milk",1942,8
Import,"Butter, cow milk",1943,13
Import,"Butter, cow milk",1944,9
Import,"Butter, cow milk",1945,4
Import,"Butter, cow milk",1946,3
Import,"Butter, cow milk",1947,15
Import,"Butter, cow milk",1948,12.6666666666667
Import,"Butter, cow milk",1949,10.3333333333333
Import,"Butter, cow milk",1950,8
Import,"Butter, cow milk",1951,34
Import,"Butter, cow milk",1952,86.2857142857143
Import,"Butter, cow milk",1953,138.571428571429
Import,"Butter, cow milk",1954,190.857142857143
Import,"Butter, cow milk",1955,243.142857142857
Import,"Butter, cow milk",1956,295.428571428571
Import,"Butter, cow milk",1957,347.71428571428595
Import,"Butter, cow milk",1958,400
Import,"Butter, cow milk",1959,450
Import,"Butter, cow milk",1960,4041.6666666666697
Import,"Cacao, beans",1860,5980
Import,"Cacao, beans",1861,6367.66666666667
Import,"Cacao, beans",1862,6755.33333333333
Import,"Cacao, beans",1863,7143
Import,"Cacao, beans",1864,7127.25
Import,"Cacao, beans",1865,7111.5
Import,"Cacao, beans",1866,7095.75
Import,"Cacao, beans",1867,7080
Import,"Cacao, beans",1868,6139
Import,"Cacao, beans",1869,5198
Import,"Cacao, beans",1870,4257
Import,"Cacao, beans",1871,4854.75
Import,"Cacao, beans",1872,5452.5
Import,"Cacao, beans",1873,6050.25
Import,"Cacao, beans",1874,6648
Import,"Cacao, beans",1875,6562
Import,"Cacao, beans",1876,6476
Import,"Cacao, beans",1877,6390
Import,"Cacao, beans",1878,5329
Import,"Cacao, beans",1879,6899.5
Import,"Cacao, beans",1880,8470
Import,"Cacao, beans",1881,7333.33333333333
Import,"Cacao, beans",1882,6196.66666666667
Import,"Cacao, beans",1883,5060
Import,"Cacao, beans",1884,7458
Import,"Cacao, beans",1885,6898.6
Import,"Cacao, beans",1886,6339.2
Import,"Cacao, beans",1887,5779.8
Import,"Cacao, beans",1888,5220.4
Import,"Cacao, beans",1889,4661
Import,"Cacao, beans",1890,7519
Import,"Cacao, beans",1891,7383.83333333333
Import,"Cacao, beans",1892,7248.666666666671
Import,"Cacao, beans",1893,7113.5
Import,"Cacao, beans",1894,6978.33333333333
Import,"Cacao, beans",1895,6843.166666666671
Import,"Cacao, beans",1896,6708
Import,"Cacao, beans",1897,5339
Import,"Cacao, beans",1898,5960.5
Import,"Cacao, beans",1899,6582
Import,"Cacao, beans",1900,4758
Import,"Cacao, beans",1901,5948
Import,"Cacao, beans",1902,6018
Import,"Cacao, beans",1903,5955
Import,"Cacao, beans",1904,5892
Import,"Cacao, beans",1905,6120
Import,"Cacao, beans",1906,6091
Import,"Cacao, beans",1907,6062
Import,"Cacao, beans",1908,6033
Import,"Cacao, beans",1909,5980
Import,"Cacao, beans",1910,5510
Import,"Cacao, beans",1911,6380
Import,"Cacao, beans",1912,5240
Import,"Cacao, beans",1913,6160
Import,"Cacao, beans",1914,6910
Import,"Cacao, beans",1915,6710
Import,"Cacao, beans",1916,7440
Import,"Cacao, beans",1917,8039.999999999999
Import,"Cacao, beans",1918,9040
Import,"Cacao, beans",1919,8170
Import,"Cacao, beans",1920,8520
Import,"Cacao, beans",1921,7950
Import,"Cacao, beans",1922,2400
Import,"Cacao, beans",1923,16260.000000000002
Import,"Cacao, beans",1924,13500
Import,"Cacao, beans",1925,9630
Import,"Cacao, beans",1926,8090
Import,"Cacao, beans",1927,9290
Import,"Cacao, beans",1928,11840
Import,"Cacao, beans",1929,9440
Import,"Cacao, beans",1930,8150
Import,"Cacao, beans",1931,9970
Import,"Cacao, beans",1932,9120
Import,"Cacao, beans",1933,9770
Import,"Cacao, beans",1934,11530
Import,"Cacao, beans",1935,10380
Import,"Cacao, beans",1936,2912
Import,"Cacao, beans",1937,4934
Import,"Cacao, beans",1938,6956
Import,"Cacao, beans",1939,8978
Import,"Cacao, beans",1940,15770
Import,"Cacao, beans",1941,11290
Import,"Cacao, beans",1942,13950
Import,"Cacao, beans",1943,12840
Import,"Cacao, beans",1944,12980
Import,"Cacao, beans",1945,14710
Import,"Cacao, beans",1946,13400
Import,"Cacao, beans",1947,11800
Import,"Cacao, beans",1948,12100
Import,"Cacao, beans",1949,11800
Import,"Cacao, beans",1950,11500
Import,"Cacao, beans",1951,8500
Import,"Cacao, beans",1952,13700
Import,"Cacao, beans",1953,10500
Import,"Cacao, beans",1954,16200
Import,"Cacao, beans",1955,15100
Import,"Cacao, beans",1956,15400
Import,"Cacao, beans",1957,21500
Import,"Cacao, beans",1958,20300
Import,"Cacao, beans",1959,20200
Import,"Cacao, beans",1960,8560
Import,Canned meat,1956,200
Import,Canned meat,1957,400
Import,Canned meat,1958,200
Import,Canned meat,1959,200
Import,Castor beans seed,1929,2000
Import,Castor beans seed,1930,2900
Import,Castor beans seed,1931,2500
Import,Castor beans seed,1932,2800
Import,Castor beans seed,1933,2990
Import,Castor beans seed,1934,3480
Import,Castor beans seed,1935,2790
Import,Castor beans seed,1939,210
Import,Castor beans seed,1940,1170
Import,Castor beans seed,1941,1720
Import,Castor beans seed,1942,1480
Import,Castor beans seed,1943,2270
Import,Castor beans seed,1944,1700
Import,Castor beans seed,1945,4019.9999999999995
Import,Castor beans seed,1946,1100
Import,Castor beans seed,1947,300
Import,Castor beans seed,1948,700
Import,Castor beans seed,1949,500
Import,Castor beans seed,1950,300
Import,Castor beans seed,1951,100
Import,Castor beans seed,1952,500
Import,Castor beans seed,1953,900
Import,Castor beans seed,1954,300
Import,Castor beans seed,1956,700
Import,Castor beans seed,1957,2000
Import,Castor beans seed,1958,800
Import,Castor beans seed,1959,1700
Import,"Cereal preparations, nes",1957,1200
Import,"Cereal preparations, nes",1958,700
Import,Cereals nes,1860,193.04
Import,Cereals nes,1861,398.970666666667
Import,Cereals nes,1862,604.901333333333
Import,Cereals nes,1863,810.832
Import,Cereals nes,1864,1016.76266666667
Import,Cereals nes,1865,1222.69333333333
Import,Cereals nes,1866,1428.6239999999998
Import,Cereals nes,1867,1634.5546666666698
Import,Cereals nes,1868,1840.48533333333
Import,Cereals nes,1869,2046.4159999999997
Import,Cereals nes,1870,2252.34666666667
Import,Cereals nes,1871,2458.2773333333303
Import,Cereals nes,1872,2664.208
Import,Cereals nes,1873,2870.1386666666704
Import,Cereals nes,1874,3076.06933333333
Import,Cereals nes,1875,3282
Import,Cereals nes,1876,16922.7142857143
Import,Cereals nes,1877,30563.428571428598
Import,Cereals nes,1878,44204.1428571429
Import,Cereals nes,1879,57844.8571428571
Import,Cereals nes,1880,71485.5714285714
Import,Cereals nes,1881,85126.2857142857
Import,Cereals nes,1882,98767
Import,Cereals nes,1883,111977.5
Import,Cereals nes,1884,125188
Import,Cereals nes,1885,138398.5
Import,Cereals nes,1886,151609
Import,Cereals nes,1887,145406
Import,Cereals nes,1888,139203
Import,Cereals nes,1889,133000
Import,Cereals nes,1890,126797
Import,Cereals nes,1891,107572.75
Import,Cereals nes,1892,88348.5
Import,Cereals nes,1893,69124.25
Import,Cereals nes,1894,49900
Import,Cereals nes,1895,92651.6666666667
Import,Cereals nes,1896,135403.333333333
Import,Cereals nes,1897,178155
Import,Cereals nes,1898,2735
Import,Cereals nes,1899,3867.5
Import,Cereals nes,1900,5000
Import,Cereals nes,1901,5000
Import,Cereals nes,1902,5000
Import,Cereals nes,1903,5000
Import,Cereals nes,1904,5000
Import,Cereals nes,1905,5000
Import,Cereals nes,1906,4766.666666666671
Import,Cereals nes,1907,4533.333333333329
Import,Cereals nes,1908,4300
Import,Cereals nes,1909,8364.5
Import,Cereals nes,1910,12429
Import,Cereals nes,1911,10120
Import,Cereals nes,1912,7811
Import,Cereals nes,1913,5502
Import,Cereals nes,1914,3193
Import,Cereals nes,1915,884
Import,Cereals nes,1916,83
Import,Cereals nes,1917,1601
Import,Cereals nes,1918,13
Import,Cereals nes,1919,1858
Import,Cereals nes,1920,645
Import,Cereals nes,1921,2763.3333333333303
Import,Cereals nes,1922,4881.666666666671
Import,Cereals nes,1923,7000
Import,Cereals nes,1924,550
Import,Cereals nes,1925,1300
Import,Cereals nes,1926,1033.33333333333
Import,Cereals nes,1927,766.6666666666661
Import,Cereals nes,1928,500
Import,Cereals nes,1929,1000
Import,Cereals nes,1930,600
Import,Cereals nes,1931,406.666666666667
Import,Cereals nes,1932,213.33333333333297
Import,Cereals nes,1933,20
Import,Cereals nes,1934,42
Import,Cereals nes,1935,50
Import,Cereals nes,1936,1340
Import,Cereals nes,1937,2630
Import,Cereals nes,1938,3920
Import,Cereals nes,1939,5210
Import,Cereals nes,1940,6500
Import,Cereals nes,1941,4800
Import,Cereals nes,1942,4340
Import,Cereals nes,1943,3880
Import,Cereals nes,1944,3420
Import,Cereals nes,1945,2960
Import,Cereals nes,1946,2500
Import,Cereals nes,1947,1500
Import,Cereals nes,1948,20000
Import,Cereals nes,1949,38500
Import,Cereals nes,1950,57000
Import,Cereals nes,1951,7000
Import,Cereals nes,1952,5000
Import,Cereals nes,1953,3000
Import,Cereals nes,1954,1000
Import,Cereals nes,1955,9
Import,Cereals nes,1956,3539.33333333333
Import,Cereals nes,1957,7069.66666666667
Import,Cereals nes,1958,10600
Import,Cereals nes,1959,21000
Import,Cereals nes,1960,15140.333333333301
Import,"Cheese, processed",1860,508
Import,"Cheese, processed",1861,438.66666666666697
Import,"Cheese, processed",1862,369.33333333333303
Import,"Cheese, processed",1863,300
Import,"Cheese, processed",1864,328.142857142857
Import,"Cheese, processed",1865,356.285714285714
Import,"Cheese, processed",1866,384.428571428571
Import,"Cheese, processed",1867,412.57142857142895
Import,"Cheese, processed",1868,440.714285714286
Import,"Cheese, processed",1869,468.857142857143
Import,"Cheese, processed",1870,497
Import,"Cheese, processed",1871,538.75
Import,"Cheese, processed",1872,580.5
Import,"Cheese, processed",1873,622.25
Import,"Cheese, processed",1874,664
Import,"Cheese, processed",1875,667.333333333333
Import,"Cheese, processed",1876,670.666666666667
Import,"Cheese, processed",1877,674
Import,"Cheese, processed",1878,693.666666666667
Import,"Cheese, processed",1879,713.333333333333
Import,"Cheese, processed",1880,733
Import,"Cheese, processed",1881,856.5
Import,"Cheese, processed",1882,980
Import,"Cheese, processed",1883,1030
Import,"Cheese, processed",1884,1060
Import,"Cheese, processed",1885,1131
Import,"Cheese, processed",1886,1202
Import,"Cheese, processed",1887,1234.25
Import,"Cheese, processed",1888,1266.5
Import,"Cheese, processed",1889,1298.75
Import,"Cheese, processed",1890,1331
Import,"Cheese, processed",1891,1345.25
Import,"Cheese, processed",1892,1359.5
Import,"Cheese, processed",1893,1373.75
Import,"Cheese, processed",1894,1388
Import,"Cheese, processed",1895,1120.33333333333
Import,"Cheese, processed",1896,852.6666666666661
Import,"Cheese, processed",1897,585
Import,"Cheese, processed",1898,962.333333333333
Import,"Cheese, processed",1899,1339.66666666667
Import,"Cheese, processed",1900,1717
Import,"Cheese, processed",1901,1528.6
Import,"Cheese, processed",1902,1340.2
Import,"Cheese, processed",1903,1151.8
Import,"Cheese, processed",1904,963.4000000000001
Import,"Cheese, processed",1905,775
Import,"Cheese, processed",1906,920
Import,"Cheese, processed",1907,1065
Import,"Cheese, processed",1908,1210
Import,"Cheese, processed",1909,1355
Import,"Cheese, processed",1910,1500
Import,"Cheese, processed",1911,1754
Import,"Cheese, processed",1912,2008
Import,"Cheese, processed",1913,1706
Import,"Cheese, processed",1914,1404
Import,"Cheese, processed",1915,1102
Import,"Cheese, processed",1916,800
Import,"Cheese, processed",1917,185
Import,"Cheese, processed",1918,106
Import,"Cheese, processed",1919,250
Import,"Cheese, processed",1920,1680
Import,"Cheese, processed",1921,2022.66666666667
Import,"Cheese, processed",1922,1910
Import,"Cheese, processed",1923,2700
Import,"Cheese, processed",1924,2990
Import,"Cheese, processed",1925,2400
Import,"Cheese, processed",1926,3180
Import,"Cheese, processed",1927,3430
Import,"Cheese, processed",1928,3930
Import,"Cheese, processed",1929,3160
Import,"Cheese, processed",1930,2640
Import,"Cheese, processed",1931,1750
Import,"Cheese, processed",1932,1120
Import,"Cheese, processed",1933,1129
Import,"Cheese, processed",1934,1126
Import,"Cheese, processed",1935,1145
Import,"Cheese, processed",1936,995.1999999999999
Import,"Cheese, processed",1937,846.4000000000001
Import,"Cheese, processed",1938,697.6
Import,"Cheese, processed",1939,548.8
Import,"Cheese, processed",1940,400
Import,"Cheese, processed",1941,800
Import,"Cheese, processed",1942,860
Import,"Cheese, processed",1943,920
Import,"Cheese, processed",1944,980
Import,"Cheese, processed",1945,1040
Import,"Cheese, processed",1946,1100
Import,"Cheese, processed",1947,1300
Import,"Cheese, processed",1948,868.6666666666671
Import,"Cheese, processed",1949,437.33333333333303
Import,"Cheese, processed",1950,100
Import,"Cheese, processed",1951,200
Import,"Cheese, processed",1952,500
Import,"Cheese, processed",1953,400
Import,"Cheese, processed",1954,800
Import,"Cheese, processed",1955,700
Import,"Cheese, processed",1956,2100
Import,"Cheese, processed",1957,700
Import,"Cheese, processed",1958,400
Import,"Cheese, processed",1959,700
Import,"Cheese, processed",1960,1302
Import,Chestnut,1930,68.4
Import,Chestnut,1931,2.3
Import,Chestnut,1932,1.3
Import,Chestnut,1933,1.9
Import,Chestnut,1934,2.9
Import,Chestnut,1935,4.6
Import,Chick peas,1930,28890.1
Import,Chick peas,1931,13510.300000000001
Import,Chick peas,1932,25552.399999999998
Import,Chick peas,1933,19505.3
Import,Chick peas,1934,23214.8
Import,Chick peas,1935,20843.800000000003
Import,"Coffee, green",1860,966
Import,"Coffee, green",1861,1350.66666666667
Import,"Coffee, green",1862,1735.33333333333
Import,"Coffee, green",1863,2120
Import,"Coffee, green",1864,1973.5
Import,"Coffee, green",1865,1827
Import,"Coffee, green",1866,2182
Import,"Coffee, green",1867,2537
Import,"Coffee, green",1868,2549.66666666667
Import,"Coffee, green",1869,2562.33333333333
Import,"Coffee, green",1870,2575
Import,"Coffee, green",1871,2728.5
Import,"Coffee, green",1872,2882
Import,"Coffee, green",1873,3035.5
Import,"Coffee, green",1874,3189
Import,"Coffee, green",1875,2887
Import,"Coffee, green",1876,2585
Import,"Coffee, green",1877,2283
Import,"Coffee, green",1878,2558
Import,"Coffee, green",1879,2833
Import,"Coffee, green",1880,3108
Import,"Coffee, green",1881,3422.33333333333
Import,"Coffee, green",1882,3736.6666666666697
Import,"Coffee, green",1883,4051
Import,"Coffee, green",1884,5222
Import,"Coffee, green",1885,5041.5
Import,"Coffee, green",1886,4861
Import,"Coffee, green",1887,4857.666666666671
Import,"Coffee, green",1888,4854.33333333333
Import,"Coffee, green",1889,4851
Import,"Coffee, green",1890,5546
Import,"Coffee, green",1891,5679.83333333333
Import,"Coffee, green",1892,5813.66666666667
Import,"Coffee, green",1893,5947.5
Import,"Coffee, green",1894,6081.333333333329
Import,"Coffee, green",1895,6215.166666666671
Import,"Coffee, green",1896,6349
Import,"Coffee, green",1897,5504
Import,"Coffee, green",1898,7149
Import,"Coffee, green",1899,8794
Import,"Coffee, green",1900,6095
Import,"Coffee, green",1901,10430
Import,"Coffee, green",1902,9262
Import,"Coffee, green",1903,9900
Import,"Coffee, green",1904,9970
Import,"Coffee, green",1905,10920
Import,"Coffee, green",1906,12930
Import,"Coffee, green",1907,11200
Import,"Coffee, green",1908,12410
Import,"Coffee, green",1909,12270
Import,"Coffee, green",1910,12830
Import,"Coffee, green",1911,12850
Import,"Coffee, green",1912,13370
Import,"Coffee, green",1913,15120
Import,"Coffee, green",1914,13730
Import,"Coffee, green",1915,15974.9
Import,"Coffee, green",1916,16420
Import,"Coffee, green",1917,18240
Import,"Coffee, green",1918,16370.000000000002
Import,"Coffee, green",1919,19220
Import,"Coffee, green",1920,12000
Import,"Coffee, green",1921,2180
Import,"Coffee, green",1922,18700
Import,"Coffee, green",1923,24390
Import,"Coffee, green",1924,22460
Import,"Coffee, green",1925,19430
Import,"Coffee, green",1926,20260
Import,"Coffee, green",1927,23990
Import,"Coffee, green",1928,21540
Import,"Coffee, green",1929,23880
Import,"Coffee, green",1930,26450
Import,"Coffee, green",1931,22160
Import,"Coffee, green",1932,22010
Import,"Coffee, green",1933,24410
Import,"Coffee, green",1934,24970
Import,"Coffee, green",1935,23850
Import,"Coffee, green",1936,19620
Import,"Coffee, green",1937,16239.999999999998
Import,"Coffee, green",1938,12860
Import,"Coffee, green",1939,1170
Import,"Coffee, green",1940,6110
Import,"Coffee, green",1941,8020
Import,"Coffee, green",1942,14060
Import,"Coffee, green",1943,12970
Import,"Coffee, green",1944,17410
Import,"Coffee, green",1945,10660
Import,"Coffee, green",1946,10500
Import,"Coffee, green",1947,12200
Import,"Coffee, green",1948,18000
Import,"Coffee, green",1949,7300
Import,"Coffee, green",1950,7200
Import,"Coffee, green",1951,5200
Import,"Coffee, green",1952,4100
Import,"Coffee, green",1953,4900
Import,"Coffee, green",1954,6500
Import,"Coffee, green",1955,9100
Import,"Coffee, green",1956,12600
Import,"Coffee, green",1957,12300
Import,"Coffee, green",1958,12500
Import,"Coffee, green",1959,17900
Import,"Coffee, green",1960,16111.999999999998
Import,Copra,1929,60400
Import,Copra,1930,52500
Import,Copra,1931,55000
Import,Copra,1932,54600
Import,Copra,1933,54020
Import,Copra,1934,41130
Import,Copra,1935,42570
Import,Copra,1939,8080
Import,Copra,1940,7410
Import,Copra,1941,5740
Import,Copra,1942,23310
Import,Copra,1943,10750
Import,Copra,1944,4390
Import,Copra,1945,11530
Import,Copra,1946,12700
Import,Copra,1947,8700
Import,Copra,1948,10500
Import,Copra,1949,5800
Import,Copra,1951,1000
Import,Copra,1953,4400
Import,Copra,1954,7000
Import,Copra,1955,9600
Import,Copra,1956,14800
Import,Copra,1957,8200
Import,Copra,1958,4700
Import,Copra,1959,5600
Import,Cotton lint,1860,23930
Import,Cotton lint,1861,26570
Import,Cotton lint,1862,12714
Import,Cotton lint,1863,16556
Import,Cotton lint,1864,13814
Import,Cotton lint,1865,14570
Import,Cotton lint,1866,19008
Import,Cotton lint,1867,20518
Import,Cotton lint,1868,22417
Import,Cotton lint,1869,19630
Import,Cotton lint,1870,26804
Import,Cotton lint,1871,35089
Import,Cotton lint,1872,28060
Import,Cotton lint,1873,27221
Import,Cotton lint,1874,37830
Import,Cotton lint,1875,33802
Import,Cotton lint,1876,39178
Import,Cotton lint,1877,33963
Import,Cotton lint,1878,37951
Import,Cotton lint,1879,36746
Import,Cotton lint,1880,44778
Import,Cotton lint,1881,45085
Import,Cotton lint,1882,46385
Import,Cotton lint,1883,54297
Import,Cotton lint,1884,52622
Import,Cotton lint,1885,48303
Import,Cotton lint,1886,45842
Import,Cotton lint,1887,46277
Import,Cotton lint,1888,42402
Import,Cotton lint,1889,63691
Import,Cotton lint,1890,49838
Import,Cotton lint,1891,60730
Import,Cotton lint,1892,61453
Import,Cotton lint,1893,58520
Import,Cotton lint,1894,68192
Import,Cotton lint,1895,71426
Import,Cotton lint,1896,59311
Import,Cotton lint,1897,75960
Import,Cotton lint,1898,65376.00000000001
Import,Cotton lint,1899,86461
Import,Cotton lint,1900,66200
Import,Cotton lint,1901,78264
Import,Cotton lint,1902,85208
Import,Cotton lint,1903,79930
Import,Cotton lint,1904,70490
Import,Cotton lint,1905,76370
Import,Cotton lint,1906,87030
Import,Cotton lint,1907,91560
Import,Cotton lint,1908,94910
Import,Cotton lint,1909,70570
Import,Cotton lint,1910,72600
Import,Cotton lint,1911,90410
Import,Cotton lint,1912,92860
Import,Cotton lint,1913,88240
Import,Cotton lint,1914,84270
Import,Cotton lint,1915,143060
Import,Cotton lint,1916,102120
Import,Cotton lint,1917,96870
Import,Cotton lint,1918,60030
Import,Cotton lint,1919,73030
Import,Cotton lint,1920,81230
Import,Cotton lint,1921,82442
Import,Cotton lint,1922,82810
Import,Cotton lint,1923,83440
Import,Cotton lint,1924,80170
Import,Cotton lint,1925,86670
Import,Cotton lint,1926,83920
Import,Cotton lint,1927,97570
Import,Cotton lint,1928,75780
Import,Cotton lint,1929,78790
Import,Cotton lint,1930,99690
Import,Cotton lint,1931,96340
Import,Cotton lint,1932,106770
Import,Cotton lint,1933,98440
Import,Cotton lint,1934,103720
Import,Cotton lint,1935,101390
Import,Cotton lint,1936,95963.2
Import,Cotton lint,1937,90532.4
Import,Cotton lint,1938,85101.6
Import,Cotton lint,1939,79670.8
Import,Cotton lint,1940,74240
Import,Cotton lint,1941,52277
Import,Cotton lint,1942,65965
Import,Cotton lint,1943,88143
Import,Cotton lint,1944,83816
Import,Cotton lint,1945,115463
Import,Cotton lint,1946,70100
Import,Cotton lint,1947,57200
Import,Cotton lint,1948,65200
Import,Cotton lint,1949,72900
Import,Cotton lint,1950,54600
Import,Cotton lint,1951,49900
Import,Cotton lint,1952,85600
Import,Cotton lint,1953,68400
Import,Cotton lint,1954,55800
Import,Cotton lint,1955,55900
Import,Cotton lint,1956,45800
Import,Cotton lint,1957,56800
Import,Cotton lint,1958,74100
Import,Cotton lint,1959,72900
Import,Cotton lint,1960,35106
Import,"Eggs, hen, in shell",1860,34.29
Import,"Eggs, hen, in shell",1861,39.961000000000006
Import,"Eggs, hen, in shell",1862,45.632
Import,"Eggs, hen, in shell",1863,51.303000000000004
Import,"Eggs, hen, in shell",1864,56.974
Import,"Eggs, hen, in shell",1865,62.645
Import,"Eggs, hen, in shell",1866,68.316
Import,"Eggs, hen, in shell",1867,73.987
Import,"Eggs, hen, in shell",1868,79.658
Import,"Eggs, hen, in shell",1869,85.32900000000001
Import,"Eggs, hen, in shell",1870,91
Import,"Eggs, hen, in shell",1871,103.916666666667
Import,"Eggs, hen, in shell",1872,116.833333333333
Import,"Eggs, hen, in shell",1873,129.75
Import,"Eggs, hen, in shell",1874,142.666666666667
Import,"Eggs, hen, in shell",1875,155.583333333333
Import,"Eggs, hen, in shell",1876,168.5
Import,"Eggs, hen, in shell",1877,181.416666666667
Import,"Eggs, hen, in shell",1878,194.333333333333
Import,"Eggs, hen, in shell",1879,207.25
Import,"Eggs, hen, in shell",1880,220.166666666667
Import,"Eggs, hen, in shell",1881,233.083333333333
Import,"Eggs, hen, in shell",1882,246
Import,"Eggs, hen, in shell",1883,433.375
Import,"Eggs, hen, in shell",1884,620.75
Import,"Eggs, hen, in shell",1885,808.125
Import,"Eggs, hen, in shell",1886,995.5
Import,"Eggs, hen, in shell",1887,1182.875
Import,"Eggs, hen, in shell",1888,1370.25
Import,"Eggs, hen, in shell",1889,1557.625
Import,"Eggs, hen, in shell",1890,1745
Import,"Eggs, hen, in shell",1891,1689.5
Import,"Eggs, hen, in shell",1892,1634
Import,"Eggs, hen, in shell",1893,1578.5
Import,"Eggs, hen, in shell",1894,1523
Import,"Eggs, hen, in shell",1895,1779.33333333333
Import,"Eggs, hen, in shell",1896,2035.66666666667
Import,"Eggs, hen, in shell",1897,2292
Import,"Eggs, hen, in shell",1898,2548.33333333333
Import,"Eggs, hen, in shell",1899,2804.66666666667
Import,"Eggs, hen, in shell",1900,3061
Import,"Eggs, hen, in shell",1901,2820.2
Import,"Eggs, hen, in shell",1902,2579.4
Import,"Eggs, hen, in shell",1903,2338.6
Import,"Eggs, hen, in shell",1904,2097.7999999999997
Import,"Eggs, hen, in shell",1905,1857
Import,"Eggs, hen, in shell",1906,2570.3999999999996
Import,"Eggs, hen, in shell",1907,3283.7999999999997
Import,"Eggs, hen, in shell",1908,3997.2
Import,"Eggs, hen, in shell",1909,4710.6
Import,"Eggs, hen, in shell",1910,5424
Import,"Eggs, hen, in shell",1911,5165
Import,"Eggs, hen, in shell",1912,4906
Import,"Eggs, hen, in shell",1913,3868.25
Import,"Eggs, hen, in shell",1914,2830.5
Import,"Eggs, hen, in shell",1915,1792.75
Import,"Eggs, hen, in shell",1916,755
Import,"Eggs, hen, in shell",1917,1400
Import,"Eggs, hen, in shell",1918,635
Import,"Eggs, hen, in shell",1919,1484
Import,"Eggs, hen, in shell",1920,646
Import,"Eggs, hen, in shell",1921,4097.333333333329
Import,"Eggs, hen, in shell",1922,7548.666666666671
Import,"Eggs, hen, in shell",1923,11000
Import,"Eggs, hen, in shell",1924,15000
Import,"Eggs, hen, in shell",1925,13000
Import,"Eggs, hen, in shell",1926,17270
Import,"Eggs, hen, in shell",1927,23940
Import,"Eggs, hen, in shell",1928,33290
Import,"Eggs, hen, in shell",1929,30260
Import,"Eggs, hen, in shell",1930,26810
Import,"Eggs, hen, in shell",1931,27950
Import,"Eggs, hen, in shell",1932,23780
Import,"Eggs, hen, in shell",1933,38009
Import,"Eggs, hen, in shell",1934,34854
Import,"Eggs, hen, in shell",1935,33634
Import,"Eggs, hen, in shell",1936,26743.600000000002
Import,"Eggs, hen, in shell",1937,20087.2
Import,"Eggs, hen, in shell",1938,13430.8
Import,"Eggs, hen, in shell",1939,51
Import,"Eggs, hen, in shell",1940,160
Import,"Eggs, hen, in shell",1941,131
Import,"Eggs, hen, in shell",1942,56
Import,"Eggs, hen, in shell",1943,45
Import,"Eggs, hen, in shell",1944,84
Import,"Eggs, hen, in shell",1945,450
Import,"Eggs, hen, in shell",1946,500
Import,"Eggs, hen, in shell",1947,2300
Import,"Eggs, hen, in shell",1948,900
Import,"Eggs, hen, in shell",1949,2267
Import,"Eggs, hen, in shell",1950,200
Import,"Eggs, hen, in shell",1951,3100
Import,"Eggs, hen, in shell",1952,3300
Import,"Eggs, hen, in shell",1953,2800
Import,"Eggs, hen, in shell",1954,3500
Import,"Eggs, hen, in shell",1955,6000
Import,"Eggs, hen, in shell",1956,4700
Import,"Eggs, hen, in shell",1957,10200
Import,"Eggs, hen, in shell",1958,4500
Import,"Eggs, hen, in shell",1959,7200
Import,"Eggs, hen, in shell",1960,4996
Import,Flax fibre and tow,1922,250
Import,Flax fibre and tow,1923,50
Import,Flax fibre and tow,1924,120
Import,Flax fibre and tow,1925,100
Import,Flax fibre and tow,1926,220
Import,Flax fibre and tow,1927,210
Import,Flax fibre and tow,1928,490
Import,Flax fibre and tow,1929,610
Import,Flax fibre and tow,1930,900
Import,Flax fibre and tow,1931,50
Import,Flax fibre and tow,1932,370
Import,Flax fibre and tow,1933,820
Import,Flax fibre and tow,1934,1790
Import,Flax fibre and tow,1935,1650
Import,Flax fibre and tow,1939,80
Import,Flax fibre and tow,1940,270
Import,Flax fibre and tow,1941,480
Import,Flax fibre and tow,1942,210
Import,Flax fibre and tow,1944,70
Import,Flax fibre and tow,1945,180
Import,Flax fibre and tow,1947,1200
Import,Flax fibre and tow,1948,500
Import,Flax fibre and tow,1950,200
Import,Flax fibre and tow,1951,100
Import,Flax fibre and tow,1952,200
Import,Flax fibre and tow,1953,400
Import,Flax fibre and tow,1954,200
Import,Flax fibre and tow,1956,300
Import,Flax fibre and tow,1957,300
Import,Flax fibre and tow,1958,300
Import,"Flour, wheat",1860,29410.9860010422
Import,"Flour, wheat",1861,29410.9860010422
Import,"Flour, wheat",1862,29410.9860010422
Import,"Flour, wheat",1863,29410.9860010422
Import,"Flour, wheat",1864,29410.9860010422
Import,"Flour, wheat",1865,29410.9860010422
Import,"Flour, wheat",1866,29410.9860010422
Import,"Flour, wheat",1867,7493.59780458731
Import,"Flour, wheat",1868,82010.4585679169
Import,"Flour, wheat",1869,32734.8736327068
Import,"Flour, wheat",1870,13750
Import,"Flour, wheat",1871,11066
Import,"Flour, wheat",1872,8382
Import,"Flour, wheat",1873,5698
Import,"Flour, wheat",1874,3014
Import,"Flour, wheat",1875,3395.66666666667
Import,"Flour, wheat",1876,3777.33333333333
Import,"Flour, wheat",1877,4159
Import,"Flour, wheat",1878,4119.33333333333
Import,"Flour, wheat",1879,4079.6666666666697
Import,"Flour, wheat",1880,4040
Import,"Flour, wheat",1881,10770
Import,"Flour, wheat",1882,17500
Import,"Flour, wheat",1883,21477
Import,"Flour, wheat",1884,5260
Import,"Flour, wheat",1885,8280
Import,"Flour, wheat",1886,11300
Import,"Flour, wheat",1887,17751
Import,"Flour, wheat",1888,24202
Import,"Flour, wheat",1889,30653
Import,"Flour, wheat",1890,25486
Import,"Flour, wheat",1891,19357.3333333333
Import,"Flour, wheat",1892,13228.666666666699
Import,"Flour, wheat",1893,7100
Import,"Flour, wheat",1894,7500
Import,"Flour, wheat",1895,3913
Import,"Flour, wheat",1896,326
Import,"Flour, wheat",1897,171
Import,"Flour, wheat",1898,2814
Import,"Flour, wheat",1899,23139
Import,"Flour, wheat",1900,6361
Import,"Flour, wheat",1901,3016
Import,"Flour, wheat",1902,1260
Import,"Flour, wheat",1903,530
Import,"Flour, wheat",1904,1210
Import,"Flour, wheat",1905,58960
Import,"Flour, wheat",1906,14380
Import,"Flour, wheat",1907,60
Import,"Flour, wheat",1908,10
Import,"Flour, wheat",1909,50
Import,"Flour, wheat",1910,70
Import,"Flour, wheat",1911,50
Import,"Flour, wheat",1912,80
Import,"Flour, wheat",1913,80
Import,"Flour, wheat",1914,920
Import,"Flour, wheat",1915,850
Import,"Flour, wheat",1916,1420
Import,"Flour, wheat",1917,40
Import,"Flour, wheat",1918,890
Import,"Flour, wheat",1919,6730
Import,"Flour, wheat",1920,13870
Import,"Flour, wheat",1921,19300
Import,"Flour, wheat",1922,20.6
Import,"Flour, wheat",1923,3.9
Import,"Flour, wheat",1924,10
Import,"Flour, wheat",1925,42.5
Import,"Flour, wheat",1926,10
Import,"Flour, wheat",1927,16.6666666666667
Import,"Flour, wheat",1928,10
Import,"Flour, wheat",1929,9
Import,"Flour, wheat",1930,13
Import,"Flour, wheat",1931,17.3333333333333
Import,"Flour, wheat",1932,21.6666666666667
Import,"Flour, wheat",1933,26
Import,"Flour, wheat",1934,98
Import,"Flour, wheat",1935,65
Import,"Flour, wheat",1936,6272
Import,"Flour, wheat",1937,12479
Import,"Flour, wheat",1938,18686
Import,"Flour, wheat",1939,3530
Import,"Flour, wheat",1940,31140
Import,"Flour, wheat",1941,8440
Import,"Flour, wheat",1942,240
Import,"Flour, wheat",1943,200
Import,"Flour, wheat",1944,310
Import,"Flour, wheat",1945,2210
Import,"Flour, wheat",1946,29400
Import,"Flour, wheat",1947,2100
Import,"Flour, wheat",1948,3200
Import,"Flour, wheat",1949,2200
Import,"Flour, wheat",1950,11700
Import,"Flour, wheat",1951,8400
Import,"Flour, wheat",1952,2100
Import,"Flour, wheat",1953,1400
Import,"Flour, wheat",1954,6900
Import,"Flour, wheat",1955,2300
Import,"Flour, wheat",1956,2500
Import,"Flour, wheat",1957,500
Import,"Flour, wheat",1958,600
Import,"Flour, wheat",1959,800
Import,"Flour, wheat",1960,1085
Import,Garlic,1930,20.299999999999997
Import,Garlic,1931,11.2
Import,Garlic,1932,4.1000000000000005
Import,Garlic,1933,1.2
Import,Garlic,1934,39.800000000000004
Import,Garlic,1935,54.1
Import,Grapes,1922,2960
Import,Grapes,1933,20
Import,Grapes,1934,40
Import,Grapes,1935,30
Import,"Groundnuts, shelled",1923,4000
Import,"Groundnuts, shelled",1924,3300
Import,"Groundnuts, shelled",1925,2000
Import,"Groundnuts, shelled",1926,2187.5
Import,"Groundnuts, shelled",1927,2375
Import,"Groundnuts, shelled",1928,2562.5
Import,"Groundnuts, shelled",1929,2750
Import,"Groundnuts, shelled",1930,2937.5
Import,"Groundnuts, shelled",1931,3125
Import,"Groundnuts, shelled",1932,3312.5
Import,"Groundnuts, shelled",1933,3500
Import,"Groundnuts, shelled",1934,3300
Import,"Groundnuts, shelled",1935,4200
Import,"Groundnuts, shelled",1936,3362
Import,"Groundnuts, shelled",1937,2524
Import,"Groundnuts, shelled",1938,1686
Import,"Groundnuts, shelled",1939,848
Import,"Groundnuts, shelled",1940,10
Import,"Groundnuts, shelled",1941,100
Import,"Groundnuts, shelled",1942,111.111111111111
Import,"Groundnuts, shelled",1943,122.222222222222
Import,"Groundnuts, shelled",1944,133.333333333333
Import,"Groundnuts, shelled",1945,144.44444444444397
Import,"Groundnuts, shelled",1946,155.555555555556
Import,"Groundnuts, shelled",1947,166.666666666667
Import,"Groundnuts, shelled",1948,177.777777777778
Import,"Groundnuts, shelled",1949,188.888888888889
Import,"Groundnuts, shelled",1950,200
Import,"Groundnuts, shelled",1951,700
Import,"Groundnuts, shelled",1952,628.142857142857
Import,"Groundnuts, shelled",1953,556.285714285714
Import,"Groundnuts, shelled",1954,484.428571428571
Import,"Groundnuts, shelled",1955,412.571428571428
Import,"Groundnuts, shelled",1956,340.714285714286
Import,"Groundnuts, shelled",1957,268.857142857143
Import,"Groundnuts, shelled",1958,197
Import,"Groundnuts, shelled",1959,425
Import,"Groundnuts, shelled",1960,8266.66666666667
Import,"Hazelnuts, with shell",1930,11.700000000000001
Import,"Hazelnuts, with shell",1931,34.3
Import,"Hazelnuts, with shell",1932,0.8
Import,Hemp tow waste,1922,4830
Import,Hemp tow waste,1923,2240
Import,Hemp tow waste,1924,1830
Import,Hemp tow waste,1925,1970
Import,Hemp tow waste,1926,890
Import,Hemp tow waste,1927,2040
Import,Hemp tow waste,1928,1740
Import,Hemp tow waste,1929,900
Import,Hemp tow waste,1930,1280
Import,Hemp tow waste,1931,2600
Import,Hemp tow waste,1932,1240
Import,Hemp tow waste,1933,1420
Import,Hemp tow waste,1934,3510
Import,Hemp tow waste,1935,1490
Import,Hemp tow waste,1939,110
Import,Hemp tow waste,1940,120
Import,Hemp tow waste,1941,480
Import,Hemp tow waste,1942,210
Import,Hemp tow waste,1944,520
Import,Hemp tow waste,1945,1000
Import,Hemp tow waste,1946,500
Import,Hemp tow waste,1947,1300
Import,Hemp tow waste,1948,100
Import,Hops,1955,100
Import,Hops,1956,200
Import,Hops,1958,100
Import,Hops,1959,100
Import,Jute,1909,28530
Import,Jute,1910,20670
Import,Jute,1911,23260
Import,Jute,1912,27640
Import,Jute,1913,32790
Import,Jute,1914,24460
Import,Jute,1915,50600
Import,Jute,1916,32800
Import,Jute,1917,30250
Import,Jute,1918,38060
Import,Jute,1919,17610
Import,Jute,1920,27310
Import,Jute,1921,17760
Import,Jute,1922,33060
Import,Jute,1923,35200
Import,Jute,1924,39070
Import,Jute,1925,3390
Import,Jute,1926,36050
Import,Jute,1927,48360
Import,Jute,1928,51360
Import,Jute,1929,80700
Import,Jute,1930,42600
Import,Jute,1931,38810
Import,Jute,1932,49220
Import,Jute,1933,42600
Import,Jute,1934,46260
Import,Jute,1935,55030
Import,Jute,1939,13250
Import,Jute,1940,13670
Import,Jute,1941,11570
Import,Jute,1942,16790
Import,Jute,1943,4870
Import,Jute,1944,3440
Import,Jute,1945,7700
Import,Jute,1946,11800
Import,Jute,1947,12000
Import,Jute,1948,5400
Import,Jute,1949,4300
Import,Jute,1950,1600
Import,Jute,1951,11400
Import,Jute,1952,11100
Import,Jute,1953,21200
Import,Jute,1954,9500
Import,Jute,1955,21700
Import,Jute,1956,15300
Import,Jute,1957,18300
Import,Jute,1958,25100
Import,Jute,1959,20100
Import,Lemons and limes,1926,2.3
Import,Lemons and limes,1927,0.1
Import,Lemons and limes,1928,2.9
Import,Lemons and limes,1929,1.1
Import,Lemons and limes,1931,0.1
Import,Lemons and limes,1932,0.5
Import,Lemons and limes,1933,0.5
Import,Lemons and limes,1935,0.7
Import,Lemons and limes,1939,50
Import,Lemons and limes,1947,200
Import,Lemons and limes,1948,400
Import,Lemons and limes,1950,100
Import,Lemons and limes,1951,200
Import,Lemons and limes,1952,100
Import,Lemons and limes,1953,100
Import,Lentils,1930,262.90000000000003
Import,Lentils,1931,173.2
Import,Lentils,1932,99.8
Import,Lentils,1933,146.8
Import,Lentils,1934,810.5
Import,Lentils,1935,1039.6000000000001
Import,Linseed,1923,13810
Import,Linseed,1924,15740
Import,Linseed,1925,13110
Import,Linseed,1926,15560
Import,Linseed,1927,13280
Import,Linseed,1928,23300
Import,Linseed,1929,19000
Import,Linseed,1930,19020
Import,Linseed,1931,21140
Import,Linseed,1932,23420
Import,Linseed,1933,16300
Import,Linseed,1934,16600
Import,Linseed,1935,25300
Import,Linseed,1936,20000
Import,Linseed,1939,4500
Import,Linseed,1940,3560
Import,Linseed,1941,6010
Import,Linseed,1942,4290
Import,Linseed,1943,11870
Import,Linseed,1944,8410
Import,Linseed,1945,15350
Import,Linseed,1946,1400
Import,Linseed,1947,300
Import,Linseed,1948,700
Import,Linseed,1949,2200
Import,Linseed,1950,2500
Import,Linseed,1951,5300
Import,Linseed,1952,2500
Import,Linseed,1953,500
Import,Linseed,1954,400
Import,Linseed,1955,800
Import,Linseed,1956,4400
Import,Linseed,1957,5100
Import,Linseed,1958,1000
Import,Maize,1898,108000
Import,Maize,1899,71900
Import,Maize,1900,6200
Import,Maize,1901,6700
Import,Maize,1902,25200
Import,Maize,1903,37700
Import,Maize,1904,70140
Import,Maize,1905,48360
Import,Maize,1906,67260
Import,Maize,1907,115630
Import,Maize,1908,84330
Import,Maize,1909,162840
Import,Maize,1910,191170
Import,Maize,1911,144400
Import,Maize,1912,174010
Import,Maize,1913,569070
Import,Maize,1914,202200
Import,Maize,1915,206620
Import,Maize,1916,107900
Import,Maize,1917,55350
Import,Maize,1918,9720
Import,Maize,1919,63730
Import,Maize,1920,196070
Import,Maize,1921,302430
Import,Maize,1922,446340
Import,Maize,1923,312800
Import,Maize,1924,300090
Import,Maize,1925,400880
Import,Maize,1926,355900
Import,Maize,1927,308540
Import,Maize,1928,335610
Import,Maize,1929,283520
Import,Maize,1930,129770.00000000001
Import,Maize,1931,172370
Import,Maize,1932,287560
Import,Maize,1933,106220
Import,Maize,1934,61790
Import,Maize,1935,51790
Import,Maize,1936,47847.8
Import,Maize,1937,43895.6
Import,Maize,1938,39943.399999999994
Import,Maize,1939,5420
Import,Maize,1940,32040
Import,Maize,1941,256430
Import,Maize,1942,66580
Import,Maize,1943,1890
Import,Maize,1944,200
Import,Maize,1945,2020
Import,Maize,1946,32500
Import,Maize,1947,49700
Import,Maize,1948,99900
Import,Maize,1949,70700
Import,Maize,1950,81900
Import,Maize,1951,300
Import,Maize,1952,15
Import,Maize,1953,9400
Import,Maize,1954,44800
Import,Maize,1955,35100
Import,Maize,1956,66300
Import,Maize,1957,49500
Import,Maize,1958,51300
Import,Maize,1959,100500
Import,Maize,1960,6831
Import,Manila fibre (abaca),1951,100
Import,Manila fibre (abaca),1952,200
Import,Manila fibre (abaca),1955,1300
Import,Manila fibre (abaca),1956,2500
Import,Manila fibre (abaca),1957,4200
Import,"Meal, fish",1957,4000
Import,"Meal, fish",1958,2500
Import,"Meat, cattle",1926,1570
Import,"Meat, cattle",1927,2980
Import,"Meat, cattle",1928,550
Import,"Meat, cattle",1929,90
Import,"Meat, cattle",1930,120
Import,"Meat, cattle",1931,300
Import,"Meat, cattle",1932,1140
Import,"Meat, cattle",1933,3240
Import,"Meat, cattle",1934,2350
Import,"Meat, cattle",1935,950
Import,"Meat, cattle",1939,690
Import,"Meat, cattle",1940,740
Import,"Meat, cattle",1941,1020
Import,"Meat, cattle",1942,1090
Import,"Meat, cattle",1943,1140
Import,"Meat, cattle",1944,900
Import,"Meat, cattle",1945,800
Import,"Meat, cattle",1946,200
Import,"Meat, cattle",1947,1500
Import,"Meat, cattle",1948,3400
Import,"Meat, cattle",1949,6300
Import,"Meat, cattle",1950,700
Import,"Meat, cattle",1951,500
Import,"Meat, cattle",1952,20800
Import,"Meat, cattle",1953,1800
Import,"Meat, cattle",1954,1000
Import,"Meat, cattle",1956,100
Import,"Meat, chicken",1959,800
Import,"Meat, pig",1926,170
Import,"Meat, pig",1927,1280
Import,"Meat, pig",1928,1500
Import,"Meat, pig",1929,1880
Import,"Meat, pig",1930,160
Import,"Meat, pig",1931,90
Import,"Meat, pig",1932,100
Import,"Meat, pig",1933,290
Import,"Meat, pig",1934,1880
Import,"Meat, pig",1935,300
Import,"Meat, pig",1939,1270
Import,"Meat, pig",1940,520
Import,"Meat, pig",1941,2120
Import,"Meat, pig",1942,110
Import,"Meat, pig",1943,30
Import,"Meat, pig",1944,290
Import,"Meat, pig",1945,440
Import,"Melons, other (inc.cantaloupes)",1930,3.4
Import,"Melons, other (inc.cantaloupes)",1933,0.3
Import,"Melons, other (inc.cantaloupes)",1934,0.1
Import,"Melons, other (inc.cantaloupes)",1935,0.6
Import,"Milk, whole condensed",1922,37.5
Import,"Milk, whole condensed",1923,23.2
Import,"Milk, whole condensed",1924,3
Import,"Milk, whole condensed",1925,20.7
Import,"Milk, whole condensed",1926,14.200000000000001
Import,"Milk, whole condensed",1927,20
Import,"Milk, whole condensed",1928,16.7
Import,"Milk, whole condensed",1929,23.7
Import,"Milk, whole condensed",1930,16.2
Import,"Milk, whole condensed",1931,13.6
Import,"Milk, whole condensed",1932,8.8
Import,"Milk, whole condensed",1933,6
Import,"Milk, whole condensed",1934,7
Import,"Milk, whole condensed",1935,16
Import,"Milk, whole condensed",1939,802
Import,"Milk, whole condensed",1940,79
Import,"Milk, whole condensed",1941,6585
Import,"Milk, whole condensed",1942,33
Import,"Milk, whole condensed",1943,96
Import,"Milk, whole condensed",1944,25
Import,"Milk, whole condensed",1945,2
Import,"Milk, whole condensed",1946,3
Import,"Milk, whole condensed",1947,243
Import,"Milk, whole condensed",1948,511
Import,"Milk, whole condensed",1949,113
Import,"Milk, whole condensed",1953,100
Import,"Milk, whole condensed",1954,400
Import,"Milk, whole condensed",1955,700
Import,"Milk, whole condensed",1956,1000
Import,"Milk, whole condensed",1957,900
Import,"Milk, whole condensed",1958,900
Import,"Milk, whole condensed",1959,1100
Import,"Milk, whole dried",1922,47.4
Import,"Milk, whole dried",1923,108.8
Import,"Milk, whole dried",1924,117.7
Import,"Milk, whole dried",1925,107.89999999999999
Import,"Milk, whole dried",1926,108
Import,"Milk, whole dried",1927,152.4
Import,"Milk, whole dried",1928,183.10000000000002
Import,"Milk, whole dried",1929,210.79999999999998
Import,"Milk, whole dried",1930,247.79999999999998
Import,"Milk, whole dried",1931,209.9
Import,"Milk, whole dried",1932,185.1
Import,"Milk, whole dried",1933,195
Import,"Milk, whole dried",1934,220
Import,"Milk, whole dried",1935,170
Import,"Milk, whole dried",1939,850
Import,"Milk, whole dried",1940,532
Import,"Milk, whole dried",1941,358
Import,"Milk, whole dried",1942,26
Import,"Milk, whole dried",1943,490
Import,"Milk, whole dried",1944,394
Import,"Milk, whole dried",1945,384
Import,"Milk, whole dried",1946,471
Import,"Milk, whole dried",1947,401
Import,"Milk, whole dried",1948,2231
Import,"Milk, whole dried",1949,202
Import,"Milk, whole dried",1956,3800
Import,"Milk, whole dried",1957,200
Import,"Milk, whole dried",1958,100
Import,"Milk, whole dried",1959,100
Import,"Milk, whole fresh cow",1906,173
Import,"Milk, whole fresh cow",1907,1571
Import,"Milk, whole fresh cow",1908,1521
Import,"Milk, whole fresh cow",1909,1832
Import,"Milk, whole fresh cow",1910,2044
Import,"Milk, whole fresh cow",1911,2523
Import,"Milk, whole fresh cow",1912,2984
Import,"Milk, whole fresh cow",1913,3327
Import,"Milk, whole fresh cow",1914,3519
Import,"Milk, whole fresh cow",1915,303
Import,"Milk, whole fresh cow",1916,3721
Import,"Milk, whole fresh cow",1917,3030
Import,"Milk, whole fresh cow",1918,367
Import,"Milk, whole fresh cow",1919,393
Import,"Milk, whole fresh cow",1920,760
Import,"Milk, whole fresh cow",1921,2558
Import,"Milk, whole fresh cow",1922,85
Import,"Milk, whole fresh cow",1923,133
Import,"Milk, whole fresh cow",1924,122
Import,"Milk, whole fresh cow",1925,134
Import,"Milk, whole fresh cow",1926,132
Import,"Milk, whole fresh cow",1927,179
Import,"Milk, whole fresh cow",1928,208
Import,"Milk, whole fresh cow",1929,242
Import,"Milk, whole fresh cow",1930,49.099999999999994
Import,"Milk, whole fresh cow",1931,121.1
Import,"Milk, whole fresh cow",1932,112
Import,"Milk, whole fresh cow",1933,130
Import,"Milk, whole fresh cow",1934,133
Import,"Milk, whole fresh cow",1935,151
Import,"Milk, whole fresh cow",1936,314.59999999999997
Import,"Milk, whole fresh cow",1937,438.2
Import,"Milk, whole fresh cow",1938,561.8
Import,"Milk, whole fresh cow",1939,11
Import,"Milk, whole fresh cow",1940,189
Import,"Milk, whole fresh cow",1941,113
Import,"Milk, whole fresh cow",1942,34
Import,"Milk, whole fresh cow",1943,1
Import,"Milk, whole fresh cow",1944,612
Import,"Milk, whole fresh cow",1945,556
Import,"Milk, whole fresh cow",1946,500
Import,"Milk, whole fresh cow",1947,600
Import,"Milk, whole fresh cow",1948,405.333333333333
Import,"Milk, whole fresh cow",1949,210.666666666667
Import,"Milk, whole fresh cow",1950,16
Import,"Milk, whole fresh cow",1951,60
Import,"Milk, whole fresh cow",1952,206.666666666667
Import,"Milk, whole fresh cow",1953,353.333333333333
Import,"Milk, whole fresh cow",1954,500
Import,"Milk, whole fresh cow",1955,700
Import,"Milk, whole fresh cow",1956,833.333333333333
Import,"Milk, whole fresh cow",1957,966.666666666667
Import,"Milk, whole fresh cow",1958,1100
Import,"Milk, whole fresh cow",1959,1100
Import,"Milk, whole fresh cow",1960,8128.33333333333
Import,"Oil, coconut",1921,1661.2
Import,"Oil, coconut",1922,370
Import,"Oil, coconut",1923,410
Import,"Oil, coconut",1924,490
Import,"Oil, coconut",1925,250
Import,"Oil, coconut",1926,310
Import,"Oil, coconut",1927,280
Import,"Oil, coconut",1928,300
Import,"Oil, coconut",1929,400
Import,"Oil, coconut",1930,410
Import,"Oil, coconut",1931,500
Import,"Oil, coconut",1932,310
Import,"Oil, coconut",1933,37
Import,"Oil, coconut",1934,22
Import,"Oil, coconut",1935,3
Import,"Oil, coconut",1940,1
Import,"Oil, coconut",1954,1200
Import,"Oil, coconut",1955,1200
Import,"Oil, coconut",1956,1300
Import,"Oil, coconut",1957,1300
Import,"Oil, coconut",1958,1000
Import,"Oil, coconut",1959,500
Import,"Oil, cottonseed",1955,33100
Import,"Oil, cottonseed",1956,36000
Import,"Oil, linseed",1946,1400
Import,"Oil, linseed",1947,2000
Import,"Oil, linseed",1948,1900
Import,"Oil, linseed",1950,100
Import,"Oil, linseed",1951,2400
Import,"Oil, linseed",1952,300
Import,"Oil, linseed",1953,500
Import,"Oil, linseed",1954,100
Import,"Oil, linseed",1955,200
Import,"Oil, linseed",1956,2100
Import,"Oil, linseed",1957,5600
Import,"Oil, linseed",1958,500
Import,"Oil, linseed",1959,400
Import,"Oil, olive, virgin",1878,15
Import,"Oil, olive, virgin",1879,20
Import,"Oil, olive, virgin",1880,21
Import,"Oil, olive, virgin",1881,23
Import,"Oil, olive, virgin",1882,37
Import,"Oil, olive, virgin",1883,49
Import,"Oil, olive, virgin",1884,40
Import,"Oil, olive, virgin",1885,33
Import,"Oil, olive, virgin",1886,41
Import,"Oil, olive, virgin",1887,235
Import,"Oil, olive, virgin",1888,58
Import,"Oil, olive, virgin",1889,44
Import,"Oil, olive, virgin",1890,57
Import,"Oil, olive, virgin",1891,44
Import,"Oil, olive, virgin",1892,25
Import,"Oil, olive, virgin",1893,24
Import,"Oil, olive, virgin",1894,21
Import,"Oil, olive, virgin",1895,27
Import,"Oil, olive, virgin",1896,21
Import,"Oil, olive, virgin",1897,70
Import,"Oil, olive, virgin",1898,11
Import,"Oil, olive, virgin",1899,10
Import,"Oil, olive, virgin",1900,9
Import,"Oil, olive, virgin",1901,12
Import,"Oil, olive, virgin",1902,10
Import,"Oil, olive, virgin",1903,11
Import,"Oil, olive, virgin",1904,5
Import,"Oil, olive, virgin",1905,8
Import,"Oil, olive, virgin",1906,67
Import,"Oil, olive, virgin",1907,71
Import,"Oil, olive, virgin",1908,7
Import,"Oil, olive, virgin",1909,18
Import,"Oil, olive, virgin",1910,5
Import,"Oil, olive, virgin",1911,30
Import,"Oil, olive, virgin",1912,6
Import,"Oil, olive, virgin",1913,8
Import,"Oil, olive, virgin",1914,24
Import,"Oil, olive, virgin",1915,3
Import,"Oil, olive, virgin",1916,3
Import,"Oil, olive, virgin",1917,1
Import,"Oil, olive, virgin",1918,0.2
Import,"Oil, olive, virgin",1919,4
Import,"Oil, olive, virgin",1920,9
Import,"Oil, olive, virgin",1921,0.3
Import,"Oil, olive, virgin",1922,4
Import,"Oil, olive, virgin",1923,0.5
Import,"Oil, olive, virgin",1924,0.5
Import,"Oil, olive, virgin",1925,1
Import,"Oil, olive, virgin",1926,4
Import,"Oil, olive, virgin",1936,0.2
Import,"Oil, olive, virgin",1937,0.4
Import,"Oil, olive, virgin",1938,0.6
Import,"Oil, olive, virgin",1939,150
Import,"Oil, olive, virgin",1940,60
Import,"Oil, olive, virgin",1941,20
Import,"Oil, olive, virgin",1942,30
Import,"Oil, olive, virgin",1943,20
Import,"Oil, olive, virgin",1946,2000
Import,"Oil, olive, virgin",1947,4300
Import,"Oil, olive, virgin",1948,7100
Import,"Oil, olive, virgin",1950,5100
Import,"Oil, olive, virgin",1951,2800
Import,"Oil, olive, virgin",1952,8100
Import,"Oil, olive, virgin",1954,1
Import,"Oil, olive, virgin",1955,1
Import,"Oil, olive, virgin",1958,23
Import,"Oil, olive, virgin",1959,1300
Import,"Oil, palm",1860,344
Import,"Oil, palm",1861,322.5
Import,"Oil, palm",1862,301
Import,"Oil, palm",1863,366.8
Import,"Oil, palm",1864,432.59999999999997
Import,"Oil, palm",1865,498.40000000000003
Import,"Oil, palm",1866,564.2
Import,"Oil, palm",1867,630
Import,"Oil, palm",1868,2115.6666666666697
Import,"Oil, palm",1869,3601.3333333333303
Import,"Oil, palm",1870,5087
Import,"Oil, palm",1871,5089.8
Import,"Oil, palm",1872,5092.6
Import,"Oil, palm",1873,5095.4
Import,"Oil, palm",1874,5098.200000000001
Import,"Oil, palm",1875,5101
Import,"Oil, palm",1876,13837
Import,"Oil, palm",1877,7120
Import,"Oil, palm",1878,1342
Import,"Oil, palm",1879,1620
Import,"Oil, palm",1880,1974
Import,"Oil, palm",1881,2640
Import,"Oil, palm",1882,2795
Import,"Oil, palm",1883,3469
Import,"Oil, palm",1884,4675
Import,"Oil, palm",1885,5306
Import,"Oil, palm",1886,6889
Import,"Oil, palm",1887,7242
Import,"Oil, palm",1888,10830
Import,"Oil, palm",1889,10834
Import,"Oil, palm",1890,11534
Import,"Oil, palm",1891,14550
Import,"Oil, palm",1892,13540
Import,"Oil, palm",1893,9355
Import,"Oil, palm",1894,6009
Import,"Oil, palm",1895,3813
Import,"Oil, palm",1896,1067
Import,"Oil, palm",1897,1075
Import,"Oil, palm",1898,872
Import,"Oil, palm",1899,2236
Import,"Oil, palm",1900,774
Import,"Oil, palm",1901,325
Import,"Oil, palm",1902,293
Import,"Oil, palm",1903,594
Import,"Oil, palm",1904,703
Import,"Oil, palm",1905,279
Import,"Oil, palm",1906,543
Import,"Oil, palm",1907,1075
Import,"Oil, palm",1908,695
Import,"Oil, palm",1909,1108
Import,"Oil, palm",1910,646
Import,"Oil, palm",1911,1029
Import,"Oil, palm",1912,1161
Import,"Oil, palm",1913,1043
Import,"Oil, palm",1914,976
Import,"Oil, palm",1915,1779
Import,"Oil, palm",1916,1196
Import,"Oil, palm",1917,652
Import,"Oil, palm",1918,259
Import,"Oil, palm",1919,669
Import,"Oil, palm",1920,1920
Import,"Oil, palm",1921,1661.2
Import,"Oil, palm",1922,370
Import,"Oil, palm",1923,410
Import,"Oil, palm",1924,490
Import,"Oil, palm",1925,250
Import,"Oil, palm",1926,310
Import,"Oil, palm",1927,280
Import,"Oil, palm",1928,300
Import,"Oil, palm",1929,400
Import,"Oil, palm",1930,410
Import,"Oil, palm",1931,500
Import,"Oil, palm",1932,310
Import,"Oil, palm",1933,449
Import,"Oil, palm",1934,2087
Import,"Oil, palm",1935,497
Import,"Oil, palm",1936,421.59999999999997
Import,"Oil, palm",1937,343.2
Import,"Oil, palm",1938,264.79999999999995
Import,"Oil, palm",1939,124
Import,"Oil, palm",1940,108
Import,"Oil, palm",1941,1778
Import,"Oil, palm",1942,711
Import,"Oil, palm",1943,2065
Import,"Oil, palm",1944,251
Import,"Oil, palm",1945,307
Import,"Oil, palm",1946,2400
Import,"Oil, palm",1947,800
Import,"Oil, palm",1948,1000
Import,"Oil, palm",1949,1400
Import,"Oil, palm",1950,2300
Import,"Oil, palm",1951,2800
Import,"Oil, palm",1952,3900
Import,"Oil, palm",1953,3700
Import,"Oil, palm",1954,1000
Import,"Oil, palm",1955,2900
Import,"Oil, palm",1956,3500
Import,"Oil, palm",1957,4100
Import,"Oil, palm",1958,5400
Import,"Oil, palm",1959,1000
Import,"Oil, palm",1960,1377
Import,"Oil, soybean",1860,384
Import,"Oil, soybean",1861,1310
Import,"Oil, soybean",1862,2236
Import,"Oil, soybean",1878,3646
Import,"Oil, soybean",1879,1066
Import,"Oil, soybean",1880,1244
Import,"Oil, soybean",1881,1330
Import,"Oil, soybean",1882,1336
Import,"Oil, soybean",1883,1369
Import,"Oil, soybean",1884,1127
Import,"Oil, soybean",1885,810
Import,"Oil, soybean",1886,1076
Import,"Oil, soybean",1887,908
Import,"Oil, soybean",1888,845
Import,"Oil, soybean",1889,730
Import,"Oil, soybean",1890,1935
Import,"Oil, soybean",1891,6642
Import,"Oil, soybean",1892,764
Import,"Oil, soybean",1893,379
Import,"Oil, soybean",1894,369
Import,"Oil, soybean",1895,484
Import,"Oil, soybean",1896,214
Import,"Oil, soybean",1897,640
Import,"Oil, soybean",1898,267
Import,"Oil, soybean",1899,609
Import,"Oil, soybean",1900,595
Import,"Oil, soybean",1901,755
Import,"Oil, soybean",1902,605
Import,"Oil, soybean",1903,769
Import,"Oil, soybean",1904,723
Import,"Oil, soybean",1905,653
Import,"Oil, soybean",1906,898
Import,"Oil, soybean",1907,640
Import,"Oil, soybean",1908,603
Import,"Oil, soybean",1909,1454
Import,"Oil, soybean",1910,781
Import,"Oil, soybean",1911,417
Import,"Oil, soybean",1912,331
Import,"Oil, soybean",1913,467
Import,"Oil, soybean",1914,359
Import,"Oil, soybean",1915,122
Import,"Oil, soybean",1916,93
Import,"Oil, soybean",1917,175
Import,"Oil, soybean",1918,467
Import,"Oil, soybean",1919,1400
Import,"Oil, soybean",1920,2402
Import,"Oil, soybean",1921,1004
Import,"Oil, soybean",1922,110
Import,"Oil, soybean",1923,110
Import,"Oil, soybean",1924,150
Import,"Oil, soybean",1925,165
Import,"Oil, soybean",1926,162
Import,"Oil, soybean",1927,180
Import,"Oil, soybean",1928,250
Import,"Oil, soybean",1929,310
Import,"Oil, soybean",1930,550
Import,"Oil, soybean",1931,420
Import,"Oil, soybean",1932,290
Import,"Oil, soybean",1933,160
Import,"Oil, soybean",1934,150
Import,"Oil, soybean",1935,170
Import,"Oil, soybean",1936,276
Import,"Oil, soybean",1937,382
Import,"Oil, soybean",1938,488
Import,"Oil, soybean",1939,594
Import,"Oil, soybean",1940,700
Import,"Oil, soybean",1941,1500
Import,"Oil, soybean",1942,2200
Import,"Oil, soybean",1943,2900
Import,"Oil, soybean",1944,3600
Import,"Oil, soybean",1945,4300
Import,"Oil, soybean",1946,4800
Import,"Oil, soybean",1947,9000
Import,"Oil, soybean",1948,10000
Import,"Oil, soybean",1949,25100
Import,"Oil, soybean",1950,20700
Import,"Oil, soybean",1951,63000
Import,"Oil, soybean",1952,9500
Import,"Oil, soybean",1953,1300
Import,"Oil, soybean",1954,100
Import,"Oil, soybean",1955,31100
Import,"Oil, soybean",1956,189500
Import,"Oil, soybean",1957,118600
Import,"Oil, soybean",1958,199700
Import,"Oil, soybean",1959,171400
Import,"Oil, soybean",1960,184077
Import,Oilseed Cake Meal,1940,20
Import,Oilseed Cake Meal,1941,210
Import,Oilseed Cake Meal,1942,2860
Import,Oilseed Cake Meal,1943,810
Import,Oilseed Cake Meal,1946,9800
Import,Oilseed Cake Meal,1947,17000
Import,Oilseed Cake Meal,1948,1000
Import,Oilseed Cake Meal,1950,1200
Import,Oilseed Cake Meal,1957,2300
Import,Oilseed Cake Meal,1958,2700
Import,Oilseed Cake Meal,1959,4000
Import,"Onions, dry",1923,90
Import,"Onions, dry",1924,40
Import,"Onions, dry",1925,80
Import,"Onions, dry",1926,66.6666666666667
Import,"Onions, dry",1927,53.3333333333333
Import,"Onions, dry",1928,40
Import,"Onions, dry",1929,107
Import,"Onions, dry",1930,21.4
Import,"Onions, dry",1931,22.599999999999998
Import,"Onions, dry",1932,35.4
Import,"Onions, dry",1933,10
Import,"Onions, dry",1934,80
Import,"Onions, dry",1935,50
Import,"Onions, dry",1936,410.8
Import,"Onions, dry",1937,311.59999999999997
Import,"Onions, dry",1938,212.4
Import,"Onions, dry",1939,113.19999999999999
Import,"Onions, dry",1940,1360
Import,"Onions, dry",1941,1040
Import,"Onions, dry",1942,2040
Import,"Onions, dry",1943,880
Import,"Onions, dry",1944,508
Import,"Onions, dry",1945,674
Import,"Onions, dry",1946,800
Import,"Onions, dry",1947,3300
Import,"Onions, dry",1948,1800
Import,"Onions, dry",1949,500
Import,"Onions, dry",1950,1200
Import,"Onions, dry",1951,1100
Import,"Onions, dry",1952,1500
Import,"Onions, dry",1953,501.142857142857
Import,"Onions, dry",1954,401.714285714286
Import,"Onions, dry",1955,302.285714285714
Import,"Onions, dry",1956,202.857142857143
Import,"Onions, dry",1957,103.42857142857099
Import,"Onions, dry",1958,4
Import,"Onions, dry",1959,32
Import,"Onions, dry",1960,28.6666666666667
Import,Oranges,1926,1.7
Import,Oranges,1927,3.3
Import,Oranges,1928,111.60000000000001
Import,Oranges,1929,39
Import,Oranges,1930,13.899999999999999
Import,Oranges,1931,21.5
Import,Oranges,1932,82.8
Import,Oranges,1933,26.200000000000003
Import,Oranges,1934,30
Import,Oranges,1935,70.7
Import,Oranges,1936,70
Import,Oranges,1947,2100
Import,Oranges,1948,4600
Import,Oranges,1950,1000
Import,Oranges,1951,1400
Import,Oranges,1952,1200
Import,Oranges,1957,900
Import,Palm kernels,1950,7200
Import,Palm kernels,1951,7800
Import,Palm kernels,1952,9500
Import,Palm kernels,1953,400
Import,Palm kernels,1954,2200
Import,Palm kernels,1955,3000
Import,Palm kernels,1956,3600
Import,Palm kernels,1957,3900
Import,Palm kernels,1958,7200
Import,Palm kernels,1959,1500
Import,Peaches and nectarines,1933,0.3
Import,Peaches and nectarines,1934,2.6
Import,Pears,1934,19.099999999999998
Import,"Peas, dry",1930,884.9
Import,"Peas, dry",1931,757.1
Import,"Peas, dry",1932,760.1
Import,"Peas, dry",1933,541
Import,"Peas, dry",1934,890.8000000000001
Import,"Peas, dry",1935,838.4000000000001
Import,Pepper (piper spp.),1922,340
Import,Pepper (piper spp.),1923,460
Import,Pepper (piper spp.),1924,340
Import,Pepper (piper spp.),1925,380
Import,Pepper (piper spp.),1926,380
Import,Pepper (piper spp.),1927,250
Import,Pepper (piper spp.),1928,470
Import,Pepper (piper spp.),1929,260
Import,Pepper (piper spp.),1930,390
Import,Pepper (piper spp.),1931,170
Import,Pepper (piper spp.),1932,260
Import,Pepper (piper spp.),1933,221
Import,Pepper (piper spp.),1934,306
Import,Pepper (piper spp.),1935,379
Import,Pepper (piper spp.),1939,296
Import,Pepper (piper spp.),1940,263
Import,Pepper (piper spp.),1941,30
Import,Pepper (piper spp.),1942,66
Import,Pepper (piper spp.),1943,78
Import,Pepper (piper spp.),1944,163
Import,Pepper (piper spp.),1945,162
Import,Pepper (piper spp.),1959,200
Import,Plums and sloes,1934,0.3
Import,Potatoes,1860,2000
Import,Potatoes,1861,2000
Import,Potatoes,1862,2000
Import,Potatoes,1863,2000
Import,Potatoes,1864,2387.3333333333303
Import,Potatoes,1865,2774.66666666667
Import,Potatoes,1866,3162
Import,Potatoes,1867,3549.3333333333303
Import,Potatoes,1868,3936.66666666667
Import,Potatoes,1869,4324
Import,Potatoes,1870,4711.333333333329
Import,Potatoes,1871,5098.66666666667
Import,Potatoes,1872,5486
Import,Potatoes,1873,5873.33333333333
Import,Potatoes,1874,6260.66666666667
Import,Potatoes,1875,6648
Import,Potatoes,1876,6770.4000000000005
Import,Potatoes,1877,6892.8
Import,Potatoes,1878,7015.2
Import,Potatoes,1879,7137.6
Import,Potatoes,1880,7260
Import,Potatoes,1881,7159.799999999999
Import,Potatoes,1882,7059.5999999999995
Import,Potatoes,1883,6959.4
Import,Potatoes,1884,6859.200000000001
Import,Potatoes,1885,6759
Import,Potatoes,1886,6658.8
Import,Potatoes,1887,6558.6
Import,Potatoes,1888,6458.4000000000005
Import,Potatoes,1889,6358.2
Import,Potatoes,1890,6258
Import,Potatoes,1891,6073
Import,Potatoes,1892,5888
Import,Potatoes,1893,5703
Import,Potatoes,1894,5518
Import,Potatoes,1895,5333
Import,Potatoes,1896,5148
Import,Potatoes,1897,4963
Import,Potatoes,1898,4778
Import,Potatoes,1899,4593
Import,Potatoes,1900,4408
Import,Potatoes,1901,5284.7
Import,Potatoes,1902,6161.4000000000005
Import,Potatoes,1903,7038.1
Import,Potatoes,1904,7914.799999999999
Import,Potatoes,1905,8791.5
Import,Potatoes,1906,9668.2
Import,Potatoes,1907,10544.9
Import,Potatoes,1908,11421.6
Import,Potatoes,1909,12298.3
Import,Potatoes,1910,13175
Import,Potatoes,1911,13106.25
Import,Potatoes,1912,13037.5
Import,Potatoes,1913,12968.75
Import,Potatoes,1914,12900
Import,Potatoes,1915,5300
Import,Potatoes,1916,2817
Import,Potatoes,1917,4189
Import,Potatoes,1918,2583
Import,Potatoes,1919,7455
Import,Potatoes,1920,3122
Import,Potatoes,1921,14081.3333333333
Import,Potatoes,1922,13770
Import,Potatoes,1923,36060
Import,Potatoes,1924,13080
Import,Potatoes,1925,33970
Import,Potatoes,1926,5930
Import,Potatoes,1927,25820
Import,Potatoes,1928,48980
Import,Potatoes,1929,52170
Import,Potatoes,1930,20740
Import,Potatoes,1931,20280
Import,Potatoes,1932,20440
Import,Potatoes,1933,17920
Import,Potatoes,1934,24880
Import,Potatoes,1935,19890
Import,Potatoes,1936,20960
Import,Potatoes,1937,20920
Import,Potatoes,1938,20880
Import,Potatoes,1939,39150
Import,Potatoes,1940,20860
Import,Potatoes,1941,12600
Import,Potatoes,1942,27370
Import,Potatoes,1943,36130
Import,Potatoes,1944,41800
Import,Potatoes,1945,11520
Import,Potatoes,1946,36100
Import,Potatoes,1947,60200
Import,Potatoes,1948,58700
Import,Potatoes,1949,256000
Import,Potatoes,1950,199000
Import,Potatoes,1951,174500
Import,Potatoes,1952,41900
Import,Potatoes,1953,44900
Import,Potatoes,1954,52900
Import,Potatoes,1955,64400.00000000001
Import,Potatoes,1956,38500
Import,Potatoes,1957,18600
Import,Potatoes,1958,60700
Import,Potatoes,1959,17900
Import,Potatoes,1960,73433
Import,"Pulses, nes",1955,3200
Import,"Pulses, nes",1956,1700
Import,"Pulses, nes",1957,5600
Import,"Pulses, nes",1958,5800
Import,"Pulses, nes",1959,7200
Import,Raisins,1910,20
Import,Raisins,1912,30
Import,Raisins,1913,30
Import,Raisins,1914,10
Import,Raisins,1915,20
Import,Raisins,1916,40
Import,Raisins,1917,2660
Import,Raisins,1918,1800
Import,Raisins,1919,150
Import,Raisins,1920,100
Import,Raisins,1921,80
Import,Raisins,1923,70
Import,Raisins,1924,10
Import,Raisins,1927,20
Import,Raisins,1929,10
Import,Raisins,1930,80
Import,Raisins,1931,10
Import,Raisins,1932,20
Import,Raisins,1933,20
Import,Raisins,1934,20
Import,Raisins,1935,10
Import,Raisins,1946,300
Import,Raisins,1947,300
Import,Raisins,1948,300
Import,Raisins,1949,300
Import,Raisins,1950,100
Import,Raisins,1951,100
Import,Raisins,1952,100
Import,"Rice, milled",1870,284
Import,"Rice, milled",1871,619.4
Import,"Rice, milled",1872,954.8
Import,"Rice, milled",1873,1290.2
Import,"Rice, milled",1874,1625.6
Import,"Rice, milled",1875,1961
Import,"Rice, milled",1876,2225.71428571429
Import,"Rice, milled",1877,2490.4285714285697
Import,"Rice, milled",1878,2755.14285714286
Import,"Rice, milled",1879,3019.85714285714
Import,"Rice, milled",1880,3284.57142857143
Import,"Rice, milled",1881,3549.28571428571
Import,"Rice, milled",1882,3814
Import,"Rice, milled",1883,3308.25
Import,"Rice, milled",1884,2802.5
Import,"Rice, milled",1885,2296.75
Import,"Rice, milled",1886,1791
Import,"Rice, milled",1887,1967.25
Import,"Rice, milled",1888,2143.5
Import,"Rice, milled",1889,2319.75
Import,"Rice, milled",1890,2496
Import,"Rice, milled",1891,2032.25
Import,"Rice, milled",1892,1568.5
Import,"Rice, milled",1893,1104.75
Import,"Rice, milled",1894,641
Import,"Rice, milled",1895,445
Import,"Rice, milled",1896,249
Import,"Rice, milled",1897,53
Import,"Rice, milled",1898,30
Import,"Rice, milled",1899,20.5
Import,"Rice, milled",1900,11
Import,"Rice, milled",1901,95.4
Import,"Rice, milled",1902,179.79999999999998
Import,"Rice, milled",1903,1408
Import,"Rice, milled",1904,1280.4
Import,"Rice, milled",1905,424.4
Import,"Rice, milled",1906,172.1
Import,"Rice, milled",1907,94.7
Import,"Rice, milled",1908,6.5
Import,"Rice, milled",1909,11
Import,"Rice, milled",1910,9.1
Import,"Rice, milled",1911,1369.6999999999998
Import,"Rice, milled",1912,5759.5999999999995
Import,"Rice, milled",1913,862.6
Import,"Rice, milled",1914,192.39999999999998
Import,"Rice, milled",1915,47
Import,"Rice, milled",1916,1200.5
Import,"Rice, milled",1917,56.2
Import,"Rice, milled",1918,9.9
Import,"Rice, milled",1920,2.8
Import,"Rice, milled",1921,0.7
Import,"Rice, milled",1922,0.5
Import,"Rice, milled",1923,8
Import,"Rice, milled",1924,11.6
Import,"Rice, milled",1925,68.9
Import,"Rice, milled",1926,4.8999999999999995
Import,"Rice, milled",1927,7.2
Import,"Rice, milled",1928,7.5
Import,"Rice, milled",1929,5.1000000000000005
Import,"Rice, milled",1930,3.3
Import,"Rice, milled",1931,4.3
Import,"Rice, milled",1932,6
Import,"Rice, milled",1933,9.4
Import,"Rice, milled",1934,10
Import,"Rice, milled",1935,4
Import,"Rice, milled",1936,11043.2
Import,"Rice, milled",1937,22082.4
Import,"Rice, milled",1938,33121.6
Import,"Rice, milled",1939,17880
Import,"Rice, milled",1940,55270
Import,"Rice, milled",1941,13290
Import,"Rice, milled",1942,100
Import,"Rice, milled",1943,50
Import,"Rice, milled",1944,20
Import,"Rice, milled",1945,60
Import,"Rice, milled",1946,3000
Import,"Rice, milled",1947,6600
Import,"Rice, milled",1948,1300
Import,"Rice, milled",1949,100
Import,"Rice, milled",1950,1600
Import,"Rice, milled",1951,5300
Import,"Rice, milled",1952,5900
Import,"Rice, milled",1953,19.6666666666667
Import,"Rice, milled",1954,2
Import,"Rice, milled",1955,4
Import,"Rice, milled",1956,7
Import,"Rice, milled",1957,10
Import,"Rice, milled",1958,13
Import,"Rice, paddy",1905,99.1
Import,"Rice, paddy",1906,1167.4
Import,"Rice, paddy",1907,1418.6000000000001
Import,"Rice, paddy",1908,1933.8
Import,"Rice, paddy",1909,1319
Import,"Rice, paddy",1910,1823.8000000000002
Import,"Rice, paddy",1911,1779.1999999999998
Import,"Rice, paddy",1912,1138.4
Import,"Rice, paddy",1913,1045.1999999999998
Import,"Rice, paddy",1914,1154.4
Import,"Rice, paddy",1915,2167.8
Import,"Rice, paddy",1916,2105.5
Import,"Rice, paddy",1917,294.70000000000005
Import,"Rice, paddy",1921,9.700000000000001
Import,"Rice, paddy",1922,62.8
Import,"Rice, paddy",1923,0.3
Import,"Rice, paddy",1924,3.7
Import,"Rice, paddy",1925,349.5
Import,"Rice, paddy",1926,16
Import,"Rice, paddy",1928,252.2
Import,"Rice, paddy",1931,39.699999999999996
Import,"Rice, paddy",1941,2760
Import,"Rubber, natural",1882,64
Import,"Rubber, natural",1883,60
Import,"Rubber, natural",1884,56
Import,"Rubber, natural",1885,52
Import,"Rubber, natural",1886,48
Import,"Rubber, natural",1887,44
Import,"Rubber, natural",1888,40
Import,"Rubber, natural",1889,36
Import,"Rubber, natural",1890,32
Import,"Rubber, natural",1891,40.599999999999994
Import,"Rubber, natural",1892,49.2
Import,"Rubber, natural",1893,57.8
Import,"Rubber, natural",1894,66.4
Import,"Rubber, natural",1895,75
Import,"Rubber, natural",1896,83.6
Import,"Rubber, natural",1897,92.2
Import,"Rubber, natural",1898,100.8
Import,"Rubber, natural",1899,109.39999999999999
Import,"Rubber, natural",1900,118
Import,"Rubber, natural",1901,156.20000000000002
Import,"Rubber, natural",1902,194.39999999999998
Import,"Rubber, natural",1903,232.6
Import,"Rubber, natural",1904,270.8
Import,"Rubber, natural",1905,309
Import,"Rubber, natural",1906,347.2
Import,"Rubber, natural",1907,385.40000000000003
Import,"Rubber, natural",1908,423.59999999999997
Import,"Rubber, natural",1909,370
Import,"Rubber, natural",1910,430
Import,"Rubber, natural",1911,500
Import,"Rubber, natural",1912,440
Import,"Rubber, natural",1913,650
Import,"Rubber, natural",1914,600
Import,"Rubber, natural",1915,1000
Import,"Rubber, natural",1916,1690
Import,"Rubber, natural",1917,1330
Import,"Rubber, natural",1918,840
Import,"Rubber, natural",1919,3760
Import,"Rubber, natural",1920,4170
Import,"Rubber, natural",1921,2810
Import,"Rubber, natural",1922,590
Import,"Rubber, natural",1923,630
Import,"Rubber, natural",1924,950
Import,"Rubber, natural",1925,1170
Import,"Rubber, natural",1926,7610.66666666667
Import,"Rubber, natural",1927,9221.33333333333
Import,"Rubber, natural",1928,10832
Import,"Rubber, natural",1929,12212
Import,"Rubber, natural",1930,3320
Import,"Rubber, natural",1931,2620
Import,"Rubber, natural",1932,4410
Import,"Rubber, natural",1933,5610
Import,"Rubber, natural",1934,7020
Import,"Rubber, natural",1935,8700
Import,"Rubber, natural",1936,20455.2
Import,"Rubber, natural",1937,16191.400000000001
Import,"Rubber, natural",1938,11927.6
Import,"Rubber, natural",1939,3700
Import,"Rubber, natural",1940,3220
Import,"Rubber, natural",1941,3570
Import,"Rubber, natural",1942,1270
Import,"Rubber, natural",1943,1110
Import,"Rubber, natural",1944,1430
Import,"Rubber, natural",1945,2440
Import,"Rubber, natural",1946,2200
Import,"Rubber, natural",1947,10300
Import,"Rubber, natural",1948,6500
Import,"Rubber, natural",1949,8000
Import,"Rubber, natural",1950,6400
Import,"Rubber, natural",1951,7400
Import,"Rubber, natural",1952,10800
Import,"Rubber, natural",1953,10700
Import,"Rubber, natural",1954,14500
Import,"Rubber, natural",1955,15800
Import,"Rubber, natural",1956,21400
Import,"Rubber, natural",1957,30600
Import,"Rubber, natural",1958,26900
Import,"Rubber, natural",1959,26000
Import,"Rubber, natural",1960,40046
Import,Rye,1903,50
Import,Rye,1904,1820
Import,Rye,1905,3530
Import,Rye,1934,0.6
Import,Rye,1935,4.1000000000000005
Import,Rye,1940,580
Import,Rye,1941,1980
Import,Rye,1944,7670
Import,Rye,1946,21000
Import,Rye,1947,6500
Import,Rye,1949,38600
Import,Rye,1950,49900
Import,Rye,1951,2200
Import,Silk raw,1860,98.9
Import,Silk raw,1861,124.933333333333
Import,Silk raw,1862,150.966666666667
Import,Silk raw,1863,177
Import,Silk raw,1864,152.5
Import,Silk raw,1865,128
Import,Silk raw,1866,121.80000000000001
Import,Silk raw,1867,115.6
Import,Silk raw,1868,109.39999999999999
Import,Silk raw,1869,103.2
Import,Silk raw,1870,97
Import,Silk raw,1871,108.75
Import,Silk raw,1872,120.5
Import,Silk raw,1873,132.25
Import,Silk raw,1874,144
Import,Silk raw,1875,140
Import,Silk raw,1876,136
Import,Silk raw,1877,132
Import,Silk raw,1878,140.666666666667
Import,Silk raw,1879,149.333333333333
Import,Silk raw,1880,158
Import,Silk raw,1881,169.333333333333
Import,Silk raw,1882,180.666666666667
Import,Silk raw,1883,192
Import,Silk raw,1884,179
Import,Silk raw,1885,178.5
Import,Silk raw,1886,178
Import,Silk raw,1887,171.666666666667
Import,Silk raw,1888,165.333333333333
Import,Silk raw,1889,159
Import,Silk raw,1890,162
Import,Silk raw,1891,170
Import,Silk raw,1892,178
Import,Silk raw,1893,186
Import,Silk raw,1894,210
Import,Silk raw,1895,200.5
Import,Silk raw,1896,191
Import,Silk raw,1897,209
Import,Silk raw,1899,293
Import,Silk raw,1900,264
Import,Silk raw,1901,269
Import,Silk raw,1902,315
Import,Silk raw,1903,324.5
Import,Silk raw,1904,334
Import,Silk raw,1905,226
Import,Silk raw,1906,294.5
Import,Silk raw,1907,363
Import,Silk raw,1908,431.5
Import,Silk raw,1909,500
Import,Silk raw,1910,600
Import,Silk raw,1911,420
Import,Silk raw,1912,461
Import,Silk raw,1913,525
Import,Silk raw,1914,589
Import,Silk raw,1915,589
Import,Silk raw,1916,462
Import,Silk raw,1917,354
Import,Silk raw,1918,477
Import,Silk raw,1919,281
Import,Silk raw,1920,626
Import,Silk raw,1921,54
Import,Silk raw,1922,167
Import,Silk raw,1923,56
Import,Silk raw,1924,130
Import,Silk raw,1925,100
Import,Silk raw,1926,200
Import,Silk raw,1927,210
Import,Silk raw,1928,200
Import,Silk raw,1929,270
Import,Silk raw,1930,240
Import,Silk raw,1931,160
Import,Silk raw,1932,70
Import,Silk raw,1933,68
Import,Silk raw,1934,165
Import,Silk raw,1935,41
Import,Silk raw,1936,2878.8
Import,Silk raw,1937,2228.6000000000004
Import,Silk raw,1938,1578.4
Import,Silk raw,1939,928.2
Import,Silk raw,1940,85
Import,Silk raw,1941,7
Import,Silk raw,1942,4
Import,Silk raw,1943,13
Import,Silk raw,1944,14.8
Import,Silk raw,1945,17.4
Import,Silk raw,1946,20
Import,Silk raw,1947,88
Import,Silk raw,1948,152.33333333333297
Import,Silk raw,1949,216.666666666667
Import,Silk raw,1950,281
Import,Silk raw,1951,1114
Import,Silk raw,1952,1089.3333333333298
Import,Silk raw,1953,1064.66666666667
Import,Silk raw,1954,1040
Import,Silk raw,1955,1498
Import,Silk raw,1956,1604.66666666667
Import,Silk raw,1957,1711.33333333333
Import,Silk raw,1958,1818
Import,Silk raw,1959,823
Import,Silk raw,1960,567.333333333333
Import,Sisal,1950,1400
Import,Sisal,1951,1300
Import,Sisal,1952,2500
Import,Sisal,1953,3200
Import,Sisal,1954,2700
Import,Sisal,1956,2500
Import,Sisal,1957,4000
Import,Sisal,1958,2900
Import,Sisal,1959,4900
Import,Soybeans,1957,1000
Import,Soybeans,1958,4116
Import,Soybeans,1959,7232
Import,Soybeans,1960,10348
Import,Spices nes,1860,600
Import,Spices nes,1861,580
Import,Spices nes,1862,560
Import,Spices nes,1863,540
Import,Spices nes,1864,520
Import,Spices nes,1865,500
Import,Spices nes,1866,530
Import,Spices nes,1867,560
Import,Spices nes,1868,593.333333333333
Import,Spices nes,1869,626.6666666666671
Import,Spices nes,1870,660
Import,Spices nes,1871,657.5
Import,Spices nes,1872,655
Import,Spices nes,1873,652.5
Import,Spices nes,1874,650
Import,Spices nes,1875,633.3333333333329
Import,Spices nes,1876,616.6666666666671
Import,Spices nes,1877,600
Import,Spices nes,1878,633.3333333333329
Import,Spices nes,1879,666.666666666667
Import,Spices nes,1880,700
Import,Spices nes,1881,700
Import,Spices nes,1882,700
Import,Spices nes,1883,700
Import,Spices nes,1884,700
Import,Spices nes,1885,700
Import,Spices nes,1886,700
Import,Spices nes,1887,700
Import,Spices nes,1888,700
Import,Spices nes,1889,700
Import,Spices nes,1890,700
Import,Spices nes,1891,633.3333333333329
Import,Spices nes,1892,566.666666666667
Import,Spices nes,1893,500
Import,Spices nes,1894,700
Import,Spices nes,1895,750
Import,Spices nes,1896,800
Import,Spices nes,1897,600
Import,Spices nes,1898,700
Import,Spices nes,1899,800
Import,Spices nes,1900,700
Import,Spices nes,1901,800
Import,Spices nes,1902,700
Import,Spices nes,1903,800
Import,Spices nes,1904,900
Import,Spices nes,1905,700
Import,Spices nes,1906,700
Import,Spices nes,1907,700
Import,Spices nes,1908,700
Import,Spices nes,1909,700
Import,Spices nes,1910,600
Import,Spices nes,1911,700
Import,Spices nes,1912,900
Import,Spices nes,1913,750
Import,Spices nes,1914,600
Import,Spices nes,1915,1000
Import,Spices nes,1916,1600
Import,Spices nes,1917,500
Import,Spices nes,1918,600
Import,Spices nes,1919,700
Import,Spices nes,1920,1000
Import,Spices nes,1921,850
Import,Spices nes,1922,845.833333333333
Import,Spices nes,1923,841.666666666667
Import,Spices nes,1924,837.5
Import,Spices nes,1925,833.333333333333
Import,Spices nes,1926,829.1666666666671
Import,Spices nes,1927,825
Import,Spices nes,1928,820.8333333333339
Import,Spices nes,1929,816.666666666667
Import,Spices nes,1930,812.5
Import,Spices nes,1931,808.333333333334
Import,Spices nes,1932,804.1666666666671
Import,Spices nes,1933,800
Import,Spices nes,1934,1200
Import,Spices nes,1935,1600
Import,Spices nes,1936,1308
Import,Spices nes,1937,1016
Import,Spices nes,1938,724
Import,Spices nes,1939,432
Import,Spices nes,1940,140
Import,Spices nes,1941,810
Import,Spices nes,1942,831.111111111111
Import,Spices nes,1943,852.222222222222
Import,Spices nes,1944,873.3333333333329
Import,Spices nes,1945,894.444444444444
Import,Spices nes,1946,915.555555555555
Import,Spices nes,1947,936.666666666667
Import,Spices nes,1948,957.7777777777779
Import,Spices nes,1949,978.888888888889
Import,Spices nes,1950,1000
Import,Spices nes,1951,1000
Import,Spices nes,1952,971.428571428571
Import,Spices nes,1953,942.857142857143
Import,Spices nes,1954,914.285714285714
Import,Spices nes,1955,885.714285714286
Import,Spices nes,1956,857.142857142857
Import,Spices nes,1957,828.571428571429
Import,Spices nes,1958,800
Import,Spices nes,1959,700
Import,Spices nes,1960,768.6666666666671
Import,Sugar refined,1860,28205
Import,Sugar refined,1861,33854
Import,Sugar refined,1862,37110
Import,Sugar refined,1863,40194
Import,Sugar refined,1864,36403
Import,Sugar refined,1865,37386
Import,Sugar refined,1866,32628
Import,Sugar refined,1867,27051
Import,Sugar refined,1868,28835
Import,Sugar refined,1869,28948
Import,Sugar refined,1870,32766
Import,Sugar refined,1871,29981
Import,Sugar refined,1872,26482
Import,Sugar refined,1873,31377
Import,Sugar refined,1874,26768
Import,Sugar refined,1875,22262
Import,Sugar refined,1876,32597
Import,Sugar refined,1877,23432
Import,Sugar refined,1878,22790
Import,Sugar refined,1879,25039
Import,Sugar refined,1880,21321
Import,Sugar refined,1881,25864
Import,Sugar refined,1882,25551
Import,Sugar refined,1883,31087
Import,Sugar refined,1884,30734
Import,Sugar refined,1885,30459
Import,Sugar refined,1886,32625.999999999996
Import,Sugar refined,1887,29743
Import,Sugar refined,1888,29353
Import,Sugar refined,1889,35523
Import,Sugar refined,1890,45791
Import,Sugar refined,1891,30230
Import,Sugar refined,1892,45232
Import,Sugar refined,1893,12979
Import,Sugar refined,1894,21487
Import,Sugar refined,1895,19003
Import,Sugar refined,1896,17180
Import,Sugar refined,1897,13215
Import,Sugar refined,1898,4094.0000000000005
Import,Sugar refined,1899,4431
Import,Sugar refined,1900,457
Import,Sugar refined,1901,68
Import,Sugar refined,1902,43
Import,Sugar refined,1903,89
Import,Sugar refined,1904,116
Import,Sugar refined,1905,35
Import,Sugar refined,1906,18
Import,Sugar refined,1907,20
Import,Sugar refined,1908,23
Import,Sugar refined,1909,34
Import,Sugar refined,1910,19
Import,Sugar refined,1911,20
Import,Sugar refined,1912,17
Import,Sugar refined,1913,23
Import,Sugar refined,1914,26
Import,Sugar refined,1915,48
Import,Sugar refined,1916,18335
Import,Sugar refined,1917,39189
Import,Sugar refined,1918,15198
Import,Sugar refined,1919,29714
Import,Sugar refined,1920,51648
Import,Sugar refined,1921,34677.3333333333
Import,Sugar refined,1922,17706.6666666667
Import,Sugar refined,1923,736
Import,Sugar refined,1924,26200
Import,Sugar refined,1925,925
Import,Sugar refined,1926,410
Import,Sugar refined,1927,6440
Import,Sugar refined,1928,5010
Import,Sugar refined,1929,710
Import,Sugar refined,1930,150
Import,Sugar refined,1931,120
Import,Sugar refined,1932,524
Import,Sugar refined,1933,20
Import,Sugar refined,1934,40
Import,Sugar refined,1935,50
Import,Sugar refined,1936,7658.4000000000005
Import,Sugar refined,1937,15243.800000000001
Import,Sugar refined,1938,22829.2
Import,Sugar refined,1939,14260
Import,Sugar refined,1940,38010
Import,Sugar refined,1941,7570
Import,Sugar refined,1942,27970
Import,Sugar refined,1943,106490
Import,Sugar refined,1944,112370
Import,Sugar refined,1945,51420
Import,Sugar refined,1946,19200
Import,Sugar refined,1947,11500
Import,Sugar refined,1948,14600
Import,Sugar refined,1949,11800
Import,Sugar refined,1950,19600
Import,Sugar refined,1951,25100
Import,Sugar refined,1952,17300
Import,Sugar refined,1953,14600
Import,Sugar refined,1954,14000
Import,Sugar refined,1955,31700
Import,Sugar refined,1956,22200
Import,Sugar refined,1957,39000
Import,Sugar refined,1958,149500
Import,Sugar refined,1959,42000
Import,Sugar refined,1960,47195
Import,Tallow,1860,104.92
Import,Tallow,1861,139.946666666667
Import,Tallow,1862,174.97333333333302
Import,Tallow,1863,210
Import,Tallow,1864,327.058823529412
Import,Tallow,1865,444.117647058824
Import,Tallow,1866,561.176470588235
Import,Tallow,1867,678.2352941176471
Import,Tallow,1868,795.294117647059
Import,Tallow,1869,912.35294117647
Import,Tallow,1870,1029.41176470588
Import,Tallow,1871,1146.4705882352898
Import,Tallow,1872,1263.52941176471
Import,Tallow,1873,1380.5882352941198
Import,Tallow,1874,1497.64705882353
Import,Tallow,1875,1614.70588235294
Import,Tallow,1876,1731.76470588235
Import,Tallow,1877,1848.82352941176
Import,Tallow,1878,1965.88235294118
Import,Tallow,1879,2082.94117647059
Import,Tallow,1880,2200
Import,Tallow,1881,3294.2999999999997
Import,Tallow,1882,4388.6
Import,Tallow,1883,5482.9
Import,Tallow,1884,6577.200000000001
Import,Tallow,1885,7671.5
Import,Tallow,1886,8765.800000000001
Import,Tallow,1887,9860.099999999999
Import,Tallow,1888,10954.4
Import,Tallow,1889,12048.7
Import,Tallow,1890,13143
Import,Tallow,1891,13168.699999999999
Import,Tallow,1892,13194.4
Import,Tallow,1893,13220.1
Import,Tallow,1894,13245.8
Import,Tallow,1895,13271.5
Import,Tallow,1896,13297.2
Import,Tallow,1897,13322.900000000001
Import,Tallow,1898,13348.599999999999
Import,Tallow,1899,13374.3
Import,Tallow,1900,13400
Import,Tallow,1901,13280
Import,Tallow,1902,13160
Import,Tallow,1903,13040
Import,Tallow,1904,12920
Import,Tallow,1905,12800
Import,Tallow,1906,12680
Import,Tallow,1907,12560
Import,Tallow,1908,12440
Import,Tallow,1909,12320
Import,Tallow,1910,12200
Import,Tallow,1911,12400
Import,Tallow,1912,12600
Import,Tallow,1913,12800
Import,Tallow,1914,13000
Import,Tallow,1915,11050
Import,Tallow,1916,9100
Import,Tallow,1917,8800
Import,Tallow,1918,4500
Import,Tallow,1919,6111
Import,Tallow,1920,6690
Import,Tallow,1921,6140.66666666667
Import,Tallow,1922,5591.33333333333
Import,Tallow,1923,5042
Import,Tallow,1924,7597
Import,Tallow,1925,8646
Import,Tallow,1926,8868
Import,Tallow,1927,9090
Import,Tallow,1928,9312
Import,Tallow,1929,10640
Import,Tallow,1930,8141.999999999999
Import,Tallow,1931,11911
Import,Tallow,1932,14125
Import,Tallow,1933,16164.000000000002
Import,Tallow,1934,13460
Import,Tallow,1935,13371
Import,Tallow,1936,11096.8
Import,Tallow,1937,8822.6
Import,Tallow,1938,6548.4
Import,Tallow,1939,4274.200000000001
Import,Tallow,1940,2000
Import,Tallow,1941,3000
Import,Tallow,1942,2600
Import,Tallow,1943,2400
Import,Tallow,1944,2242.8571428571404
Import,Tallow,1945,2085.71428571429
Import,Tallow,1946,1928.57142857143
Import,Tallow,1947,1771.42857142857
Import,Tallow,1948,1614.2857142857101
Import,Tallow,1949,1457
Import,Tallow,1950,2700
Import,Tallow,1951,3600
Import,Tallow,1952,4000
Import,Tallow,1953,6300
Import,Tallow,1954,2700
Import,Tallow,1955,9400
Import,Tallow,1956,19000
Import,Tallow,1957,23100
Import,Tallow,1958,12200
Import,Tallow,1959,17300
Import,Tallow,1960,30314
Import,Tea,1860,40
Import,Tea,1861,40.9
Import,Tea,1862,41.8
Import,Tea,1863,42.7
Import,Tea,1864,43.6
Import,Tea,1865,44.5
Import,Tea,1866,45.400000000000006
Import,Tea,1867,46.300000000000004
Import,Tea,1868,47.199999999999996
Import,Tea,1869,48.099999999999994
Import,Tea,1870,49
Import,Tea,1871,52.5833333333333
Import,Tea,1872,56.1666666666667
Import,Tea,1873,59.75
Import,Tea,1874,63.3333333333333
Import,Tea,1875,66.9166666666667
Import,Tea,1876,70.5
Import,Tea,1877,74.0833333333333
Import,Tea,1878,77.6666666666667
Import,Tea,1879,81.25
Import,Tea,1880,84.8333333333333
Import,Tea,1881,88.4166666666667
Import,Tea,1882,92
Import,Tea,1883,91.875
Import,Tea,1884,91.75
Import,Tea,1885,91.625
Import,Tea,1886,91.5
Import,Tea,1887,91.375
Import,Tea,1888,91.25
Import,Tea,1889,91.125
Import,Tea,1890,91
Import,Tea,1891,102.3
Import,Tea,1892,113.60000000000001
Import,Tea,1893,124.89999999999999
Import,Tea,1894,136.2
Import,Tea,1895,147.5
Import,Tea,1896,158.79999999999998
Import,Tea,1897,170.1
Import,Tea,1898,181.4
Import,Tea,1899,192.70000000000002
Import,Tea,1900,204
Import,Tea,1901,196.39999999999998
Import,Tea,1902,188.79999999999998
Import,Tea,1903,181.2
Import,Tea,1904,173.6
Import,Tea,1905,166
Import,Tea,1906,164
Import,Tea,1907,162
Import,Tea,1908,160
Import,Tea,1909,160
Import,Tea,1910,150
Import,Tea,1911,140
Import,Tea,1912,180
Import,Tea,1913,210
Import,Tea,1914,121.89999999999999
Import,Tea,1915,170
Import,Tea,1916,203.8
Import,Tea,1917,130
Import,Tea,1918,140
Import,Tea,1919,180
Import,Tea,1920,120
Import,Tea,1921,100
Import,Tea,1922,130
Import,Tea,1923,130
Import,Tea,1924,130
Import,Tea,1925,130
Import,Tea,1926,150
Import,Tea,1927,170
Import,Tea,1928,160
Import,Tea,1929,160
Import,Tea,1930,150
Import,Tea,1931,110
Import,Tea,1932,130
Import,Tea,1933,138
Import,Tea,1934,140
Import,Tea,1935,126
Import,Tea,1936,110
Import,Tea,1937,90
Import,Tea,1938,70
Import,Tea,1939,14
Import,Tea,1940,29
Import,Tea,1941,12
Import,Tea,1942,30
Import,Tea,1943,2
Import,Tea,1944,31
Import,Tea,1945,109
Import,Tea,1946,6.44444444444445
Import,Tea,1947,5.33333333333334
Import,Tea,1948,4.222222222222229
Import,Tea,1949,3.1111111111111103
Import,Tea,1950,2
Import,Tea,1951,2
Import,Tea,1952,81.60000000000001
Import,Tea,1953,161.20000000000002
Import,Tea,1954,240.79999999999998
Import,Tea,1955,500
Import,Tea,1956,800
Import,Tea,1957,800
Import,Tea,1958,200
Import,Tea,1959,100
Import,Tea,1960,330
Import,"Tobacco, unmanufactured",1860,13664
Import,"Tobacco, unmanufactured",1861,10318
Import,"Tobacco, unmanufactured",1862,9023
Import,"Tobacco, unmanufactured",1863,9574
Import,"Tobacco, unmanufactured",1864,11303
Import,"Tobacco, unmanufactured",1865,16675
Import,"Tobacco, unmanufactured",1866,10882
Import,"Tobacco, unmanufactured",1867,10372
Import,"Tobacco, unmanufactured",1868,13448
Import,"Tobacco, unmanufactured",1869,14293
Import,"Tobacco, unmanufactured",1870,8131
Import,"Tobacco, unmanufactured",1871,9572
Import,"Tobacco, unmanufactured",1872,9622
Import,"Tobacco, unmanufactured",1873,11988
Import,"Tobacco, unmanufactured",1874,15869
Import,"Tobacco, unmanufactured",1875,14852
Import,"Tobacco, unmanufactured",1876,14238
Import,"Tobacco, unmanufactured",1877,17211
Import,"Tobacco, unmanufactured",1878,17313
Import,"Tobacco, unmanufactured",1879,12962
Import,"Tobacco, unmanufactured",1880,13259
Import,"Tobacco, unmanufactured",1881,14825
Import,"Tobacco, unmanufactured",1882,18226
Import,"Tobacco, unmanufactured",1883,22643
Import,"Tobacco, unmanufactured",1884,16598
Import,"Tobacco, unmanufactured",1885,17388
Import,"Tobacco, unmanufactured",1886,24461
Import,"Tobacco, unmanufactured",1887,15019
Import,"Tobacco, unmanufactured",1888,10939
Import,"Tobacco, unmanufactured",1889,20047
Import,"Tobacco, unmanufactured",1890,19740
Import,"Tobacco, unmanufactured",1891,19598
Import,"Tobacco, unmanufactured",1892,17885
Import,"Tobacco, unmanufactured",1893,19742
Import,"Tobacco, unmanufactured",1894,29565
Import,"Tobacco, unmanufactured",1895,22077
Import,"Tobacco, unmanufactured",1896,17771
Import,"Tobacco, unmanufactured",1897,11596
Import,"Tobacco, unmanufactured",1898,17561
Import,"Tobacco, unmanufactured",1899,18979
Import,"Tobacco, unmanufactured",1900,19684
Import,"Tobacco, unmanufactured",1901,23074
Import,"Tobacco, unmanufactured",1902,19272
Import,"Tobacco, unmanufactured",1903,19504
Import,"Tobacco, unmanufactured",1904,25284
Import,"Tobacco, unmanufactured",1905,22184
Import,"Tobacco, unmanufactured",1906,13627
Import,"Tobacco, unmanufactured",1907,23158
Import,"Tobacco, unmanufactured",1908,14479
Import,"Tobacco, unmanufactured",1909,18596
Import,"Tobacco, unmanufactured",1910,20111
Import,"Tobacco, unmanufactured",1911,22195
Import,"Tobacco, unmanufactured",1912,27480
Import,"Tobacco, unmanufactured",1913,27342
Import,"Tobacco, unmanufactured",1914,16183
Import,"Tobacco, unmanufactured",1915,18502
Import,"Tobacco, unmanufactured",1916,15192
Import,"Tobacco, unmanufactured",1917,18753
Import,"Tobacco, unmanufactured",1918,22593
Import,"Tobacco, unmanufactured",1919,31943
Import,"Tobacco, unmanufactured",1920,33411
Import,"Tobacco, unmanufactured",1921,19398
Import,"Tobacco, unmanufactured",1922,13273
Import,"Tobacco, unmanufactured",1923,32296
Import,"Tobacco, unmanufactured",1924,32820
Import,"Tobacco, unmanufactured",1925,25605
Import,"Tobacco, unmanufactured",1926,11684
Import,"Tobacco, unmanufactured",1927,23508
Import,"Tobacco, unmanufactured",1928,30915
Import,"Tobacco, unmanufactured",1929,30580
Import,"Tobacco, unmanufactured",1930,25880
Import,"Tobacco, unmanufactured",1931,29670
Import,"Tobacco, unmanufactured",1932,40010
Import,"Tobacco, unmanufactured",1933,28645
Import,"Tobacco, unmanufactured",1934,18060
Import,"Tobacco, unmanufactured",1935,26754
Import,"Tobacco, unmanufactured",1936,23348.8
Import,"Tobacco, unmanufactured",1937,19011.600000000002
Import,"Tobacco, unmanufactured",1938,14674.4
Import,"Tobacco, unmanufactured",1939,15064
Import,"Tobacco, unmanufactured",1940,6000
Import,"Tobacco, unmanufactured",1941,7650
Import,"Tobacco, unmanufactured",1942,9300
Import,"Tobacco, unmanufactured",1943,10950
Import,"Tobacco, unmanufactured",1944,20253
Import,"Tobacco, unmanufactured",1945,14250
Import,"Tobacco, unmanufactured",1946,14500
Import,"Tobacco, unmanufactured",1947,25800
Import,"Tobacco, unmanufactured",1948,16500
Import,"Tobacco, unmanufactured",1949,19700
Import,"Tobacco, unmanufactured",1950,25600
Import,"Tobacco, unmanufactured",1951,21300
Import,"Tobacco, unmanufactured",1952,25500
Import,"Tobacco, unmanufactured",1953,22800
Import,"Tobacco, unmanufactured",1954,16200
Import,"Tobacco, unmanufactured",1955,23900
Import,"Tobacco, unmanufactured",1956,22700
Import,"Tobacco, unmanufactured",1957,21200
Import,"Tobacco, unmanufactured",1958,29300
Import,"Tobacco, unmanufactured",1959,24300
Import,"Tobacco, unmanufactured",1960,28723
Import,Tomatoes,1928,2300
Import,Tomatoes,1929,2500
Import,Tomatoes,1930,4262.6
Import,Tomatoes,1931,3659.2
Import,Tomatoes,1932,1344.2
Import,Tomatoes,1933,2069.7000000000003
Import,Tomatoes,1934,1223.3
Import,Tomatoes,1935,1029.1999999999998
Import,Tomatoes,1959,3
Import,Tomatoes,1960,2
Import,"Walnuts, with shell",1930,0.7
Import,"Walnuts, with shell",1931,0.6
Import,"Walnuts, with shell",1933,0.2
Import,"Walnuts, with shell",1934,5.1000000000000005
Import,"Walnuts, with shell",1935,14.5
Import,Wheat,1860,165736.41399895799
Import,Wheat,1861,165736.41399895799
Import,Wheat,1862,165736.41399895799
Import,Wheat,1863,165736.41399895799
Import,Wheat,1864,165736.41399895799
Import,Wheat,1865,165736.41399895799
Import,Wheat,1866,165736.41399895799
Import,Wheat,1867,34111.4021954127
Import,Wheat,1868,478752.541432083
Import,Wheat,1869,188627.12636729298
Import,Wheat,1870,62591
Import,Wheat,1871,64599.99999999999
Import,Wheat,1872,48299.3333333333
Import,Wheat,1873,31998.6666666667
Import,Wheat,1874,15698
Import,Wheat,1875,22380
Import,Wheat,1876,15791.5
Import,Wheat,1877,9203
Import,Wheat,1878,60192
Import,Wheat,1879,45051.5
Import,Wheat,1880,29911
Import,Wheat,1881,19976
Import,Wheat,1882,275723
Import,Wheat,1883,44524
Import,Wheat,1884,53994
Import,Wheat,1885,101922.5
Import,Wheat,1886,149851
Import,Wheat,1887,134000
Import,Wheat,1888,139656
Import,Wheat,1889,145312
Import,Wheat,1890,160387
Import,Wheat,1891,246480
Import,Wheat,1892,332573
Import,Wheat,1893,418666
Import,Wheat,1894,424825
Import,Wheat,1895,306139.5
Import,Wheat,1896,187454
Import,Wheat,1897,141729
Import,Wheat,1898,54476
Import,Wheat,1899,373406
Import,Wheat,1900,232625
Import,Wheat,1901,143512
Import,Wheat,1902,69579
Import,Wheat,1903,90790
Import,Wheat,1904,222950
Import,Wheat,1905,884980
Import,Wheat,1906,525610
Import,Wheat,1907,119770
Import,Wheat,1908,78980
Import,Wheat,1909,96080
Import,Wheat,1910,161460
Import,Wheat,1911,134100
Import,Wheat,1912,41990
Import,Wheat,1913,174310
Import,Wheat,1914,422610
Import,Wheat,1915,371420
Import,Wheat,1916,315040
Import,Wheat,1917,50560
Import,Wheat,1918,187610
Import,Wheat,1919,356120
Import,Wheat,1920,489785.1
Import,Wheat,1921,465880
Import,Wheat,1922,125100
Import,Wheat,1923,2
Import,Wheat,1924,2
Import,Wheat,1925,37610
Import,Wheat,1926,130400
Import,Wheat,1927,223200
Import,Wheat,1928,316000
Import,Wheat,1929,343300
Import,Wheat,1930,5380
Import,Wheat,1931,1590
Import,Wheat,1932,292410
Import,Wheat,1933,0.9
Import,Wheat,1934,2.9
Import,Wheat,1935,810
Import,Wheat,1936,135451.2
Import,Wheat,1937,270088.39999999997
Import,Wheat,1938,404725.6
Import,Wheat,1939,364650
Import,Wheat,1940,674030
Import,Wheat,1941,448540
Import,Wheat,1942,305530
Import,Wheat,1943,419760
Import,Wheat,1944,341570
Import,Wheat,1945,407580
Import,Wheat,1946,265800
Import,Wheat,1947,323700
Import,Wheat,1948,352800
Import,Wheat,1949,299300
Import,Wheat,1950,258500
Import,Wheat,1951,184500
Import,Wheat,1952,21300
Import,Wheat,1953,509600
Import,Wheat,1954,716300
Import,Wheat,1955,46900
Import,Wheat,1956,55200
Import,Wheat,1957,139700
Import,Wheat,1958,9000
Import,Wheat,1959,12900
Import,Wheat,1960,319733
Import,Wine,1860,175
Import,Wine,1861,186.6
Import,Wine,1862,198.2
Import,Wine,1863,209.79999999999998
Import,Wine,1864,221.4
Import,Wine,1865,233
Import,Wine,1866,227.39999999999998
Import,Wine,1867,221.8
Import,Wine,1868,216.20000000000002
Import,Wine,1869,210.60000000000002
Import,Wine,1870,205
Import,Wine,1871,224.75
Import,Wine,1872,244.5
Import,Wine,1873,264.25
Import,Wine,1874,284
Import,Wine,1875,300.666666666667
Import,Wine,1876,317.33333333333303
Import,Wine,1877,334
Import,Wine,1878,445
Import,Wine,1879,556
Import,Wine,1880,667
Import,Wine,1881,1206.6666666666702
Import,Wine,1882,1746.33333333333
Import,Wine,1883,2286
Import,Wine,1884,923
Import,Wine,1885,2087
Import,Wine,1886,3251
Import,Wine,1887,2963.6666666666697
Import,Wine,1888,2676.33333333333
Import,Wine,1889,2389
Import,Wine,1890,10709
Import,Wine,1891,7210.66666666667
Import,Wine,1892,3712.33333333333
Import,Wine,1893,214
Import,Wine,1894,248
Import,Wine,1895,246
Import,Wine,1896,244
Import,Wine,1897,223
Import,Wine,1898,224
Import,Wine,1899,225
Import,Wine,1900,235
Import,Wine,1901,290
Import,Wine,1902,307
Import,Wine,1903,272.5
Import,Wine,1904,238
Import,Wine,1905,253
Import,Wine,1906,253.24999999999997
Import,Wine,1907,253.5
Import,Wine,1908,253.74999999999997
Import,Wine,1909,254
Import,Wine,1910,281
Import,Wine,1911,368
Import,Wine,1912,314
Import,Wine,1913,267
Import,Wine,1914,220
Import,Wine,1915,240
Import,Wine,1916,341
Import,Wine,1917,364
Import,Wine,1918,297
Import,Wine,1919,380
Import,Wine,1920,577
Import,Wine,1921,540.307692307692
Import,Wine,1922,503.61538461538504
Import,Wine,1923,466.923076923077
Import,Wine,1924,430.230769230769
Import,Wine,1925,393.538461538462
Import,Wine,1926,454.608
Import,Wine,1927,387.4992
Import,Wine,1928,274.9296
Import,Wine,1929,367.22880000000004
Import,Wine,1930,139.1376
Import,Wine,1931,61.303200000000004
Import,Wine,1932,60.3192
Import,Wine,1933,108.24000000000001
Import,Wine,1934,78.72
Import,Wine,1935,49.2
Import,Wine,1936,36.4
Import,Wine,1937,27.799999999999997
Import,Wine,1938,19.2
Import,Wine,1939,10.6
Import,Wine,1940,2
Import,Wine,1941,3.8
Import,Wine,1942,5.6
Import,Wine,1943,7.4
Import,Wine,1944,9.2
Import,Wine,1945,11
Import,Wine,1946,12.8
Import,Wine,1947,14.6
Import,Wine,1948,16.400000000000002
Import,Wine,1949,18.2
Import,Wine,1950,20
Import,Wine,1951,27.25
Import,Wine,1952,34.5
Import,Wine,1953,41.75
Import,Wine,1954,49
Import,Wine,1955,56.25
Import,Wine,1956,63.5
Import,Wine,1957,70.75
Import,Wine,1958,78
Import,Wine,1959,39
Import,Wine,1960,62.66666666666671
Import,"Wool, degreased",1922,904.5
Import,"Wool, degreased",1923,407.2
Import,"Wool, degreased",1924,427.4
Import,"Wool, degreased",1925,346.1
Import,"Wool, degreased",1926,849.0999999999999
Import,"Wool, degreased",1927,530.1
Import,"Wool, degreased",1928,618.1999999999999
Import,"Wool, degreased",1929,478
Import,"Wool, degreased",1930,570.6
Import,"Wool, degreased",1931,739.1999999999999
Import,"Wool, degreased",1932,561.6
Import,"Wool, degreased",1933,330
Import,"Wool, degreased",1934,400
Import,"Wool, degreased",1935,530
Import,"Wool, degreased",1944,10
Import,"Wool, degreased",1945,1850
Import,"Wool, degreased",1946,1700
Import,"Wool, degreased",1947,1100
Import,"Wool, degreased",1948,500
Import,"Wool, degreased",1949,500
Import,"Wool, degreased",1950,600
Import,"Wool, degreased",1952,100
Import,"Wool, degreased",1953,500
Import,"Wool, degreased",1955,200
Import,"Wool, degreased",1956,500
Import,"Wool, degreased",1957,200
Import,"Wool, degreased",1958,5000
Import,"Wool, greasy",1860,83
Import,"Wool, greasy",1861,147
Import,"Wool, greasy",1862,204
Import,"Wool, greasy",1863,310
Import,"Wool, greasy",1864,451
Import,"Wool, greasy",1865,163
Import,"Wool, greasy",1866,221
Import,"Wool, greasy",1867,274
Import,"Wool, greasy",1868,290
Import,"Wool, greasy",1869,353
Import,"Wool, greasy",1870,714
Import,"Wool, greasy",1871,914
Import,"Wool, greasy",1872,681
Import,"Wool, greasy",1873,1163
Import,"Wool, greasy",1874,2195
Import,"Wool, greasy",1875,1751
Import,"Wool, greasy",1876,2554
Import,"Wool, greasy",1877,1833
Import,"Wool, greasy",1878,1761
Import,"Wool, greasy",1879,1205
Import,"Wool, greasy",1880,1195
Import,"Wool, greasy",1881,2107
Import,"Wool, greasy",1882,1982
Import,"Wool, greasy",1883,2043.0000000000002
Import,"Wool, greasy",1884,2065
Import,"Wool, greasy",1885,2241
Import,"Wool, greasy",1886,2360
Import,"Wool, greasy",1887,1863
Import,"Wool, greasy",1888,1686
Import,"Wool, greasy",1889,1867
Import,"Wool, greasy",1890,2149
Import,"Wool, greasy",1891,2607
Import,"Wool, greasy",1892,2897
Import,"Wool, greasy",1893,2943
Import,"Wool, greasy",1894,2948
Import,"Wool, greasy",1895,2923
Import,"Wool, greasy",1896,2613
Import,"Wool, greasy",1897,2307
Import,"Wool, greasy",1898,1963
Import,"Wool, greasy",1899,3217
Import,"Wool, greasy",1900,2878
Import,"Wool, greasy",1901,3111
Import,"Wool, greasy",1902,3104
Import,"Wool, greasy",1903,2690
Import,"Wool, greasy",1904,2056
Import,"Wool, greasy",1905,1510
Import,"Wool, greasy",1906,1534
Import,"Wool, greasy",1907,1664
Import,"Wool, greasy",1908,2526
Import,"Wool, greasy",1909,2240
Import,"Wool, greasy",1910,2435
Import,"Wool, greasy",1911,2881
Import,"Wool, greasy",1912,2901
Import,"Wool, greasy",1913,1993
Import,"Wool, greasy",1914,1414
Import,"Wool, greasy",1915,5517
Import,"Wool, greasy",1916,6532
Import,"Wool, greasy",1917,2637
Import,"Wool, greasy",1918,11182
Import,"Wool, greasy",1919,3021
Import,"Wool, greasy",1920,2478
Import,"Wool, greasy",1921,1458
Import,"Wool, greasy",1922,1024.1
Import,"Wool, greasy",1923,601.8
Import,"Wool, greasy",1924,324.29999999999995
Import,"Wool, greasy",1925,605.1
Import,"Wool, greasy",1926,1179.2
Import,"Wool, greasy",1927,1181.8
Import,"Wool, greasy",1928,2010.3
Import,"Wool, greasy",1929,1920.4
Import,"Wool, greasy",1930,1325.6
Import,"Wool, greasy",1931,3837.6
Import,"Wool, greasy",1932,5875.8
Import,"Wool, greasy",1933,3430
Import,"Wool, greasy",1934,2220
Import,"Wool, greasy",1935,5020
Import,"Wool, greasy",1936,4563.6
Import,"Wool, greasy",1937,3434.2000000000003
Import,"Wool, greasy",1938,2304.8
Import,"Wool, greasy",1939,1175.4
Import,"Wool, greasy",1940,20
Import,"Wool, greasy",1941,120
Import,"Wool, greasy",1942,851.1999999999999
Import,"Wool, greasy",1943,1564.4
Import,"Wool, greasy",1944,2277.6
Import,"Wool, greasy",1945,11310
Import,"Wool, greasy",1946,1600
Import,"Wool, greasy",1947,1400
Import,"Wool, greasy",1948,4800
Import,"Wool, greasy",1949,1000
Import,"Wool, greasy",1950,1800
Import,"Wool, greasy",1951,300
Import,"Wool, greasy",1952,2100
Import,"Wool, greasy",1953,2300
Import,"Wool, greasy",1954,2381
Import,"Wool, greasy",1955,2600
Import,"Wool, greasy",1956,5900
Import,"Wool, greasy",1957,2700
Import,"Wool, greasy",1958,300
Import,"Wool, greasy",1959,100
Import,"Wool, greasy",1960,9038
